number,name,type1,type2,hp,atk,def,sp_atk,sp_def,spd,total,family,legendary,color
1,Bulbasaur,Grass,Poison,45,49,49,65,65,45,318,Bulbasaur,FALSE,Green
2,Ivysaur,Grass,Poison,60,62,63,80,80,60,405,Bulbasaur,FALSE,Green
3,Venusaur,Grass,Poison,80,82,83,100,100,80,525,Bulbasaur,FALSE,Green
3,Mega Venusaur,Grass,Poison,80,100,123,122,120,80,625,Bulbasaur,FALSE,Green
4,Charmander,Fire,NA,39,52,43,60,50,65,309,Charmander,FALSE,Red
5,Charmeleon,Fire,NA,58,64,58,80,65,80,405,Charmander,FALSE,Red
6,Charizard,Fire,Flying,78,84,78,109,85,100,534,Charmander,FALSE,Red
6,Mega Charizard X,Fire,Dragon,78,130,111,130,85,100,634,Charmander,FALSE,Black
6,Mega Charizard Y,Fire,Flying,78,104,78,159,115,100,634,Charmander,FALSE,Red
7,Squirtle,Water,NA,44,48,65,50,64,43,314,Squirtle,FALSE,Blue
8,Wartortle,Water,NA,59,63,80,65,80,58,405,Squirtle,FALSE,Blue
9,Blastoise,Water,NA,79,83,100,85,105,78,530,Squirtle,FALSE,Blue
9,Mega Blastoise,Water,NA,79,103,120,135,115,78,630,Squirtle,FALSE,Blue
10,Caterpie,Bug,NA,45,30,35,20,20,45,195,Caterpie,FALSE,Green
11,Metapod,Bug,NA,50,20,55,25,25,30,205,Caterpie,FALSE,Green
12,Butterfree,Bug,Flying,60,45,50,90,80,70,395,Caterpie,FALSE,White
13,Weedle,Bug,Poison,40,35,30,20,20,50,195,Weedle,FALSE,Brown
14,Kakuna,Bug,Poison,45,25,50,25,25,35,205,Weedle,FALSE,Yellow
15,Beedrill,Bug,Poison,65,90,40,45,80,75,395,Weedle,FALSE,Yellow
15,Mega Beedrill,Bug,Poison,65,150,40,15,80,145,495,Weedle,FALSE,Yellow
16,Pidgey,Normal,Flying,40,45,40,35,35,56,251,Pidgey,FALSE,Brown
17,Pidgeotto,Normal,Flying,63,60,55,50,50,71,349,Pidgey,FALSE,Brown
18,Pidgeot,Normal,Flying,83,80,75,70,70,101,479,Pidgey,FALSE,Brown
18,Mega Pidgeot,Normal,Flying,83,80,80,135,80,121,579,Pidgey,FALSE,Brown
19,Rattata,Normal,NA,30,56,35,25,35,72,253,Rattata,FALSE,Purple
19,Rattata,Dark,Normal,30,56,35,25,35,72,253,Rattata,FALSE,Black
20,Raticate,Normal,NA,55,81,60,50,70,97,413,Rattata,FALSE,Brown
20,Raticate,Dark,Normal,75,71,70,40,80,77,413,Rattata,FALSE,Black
21,Spearow,Normal,Flying,40,60,30,31,31,70,262,Spearow,FALSE,Brown
22,Fearow,Normal,Flying,65,90,65,61,61,100,442,Spearow,FALSE,Brown
23,Ekans,Poison,NA,35,60,44,40,54,55,288,Ekans,FALSE,Purple
24,Arbok,Poison,NA,60,95,69,65,79,80,448,Ekans,FALSE,Purple
25,Pikachu,Electric,NA,35,55,40,50,50,90,320,Pichu,FALSE,Yellow
26,Raichu,Electric,NA,60,90,55,90,80,110,485,Pichu,FALSE,Yellow
26,Raichu,Electric,Psychic,60,85,50,95,85,110,485,Pichu,FALSE,Brown
27,Sandshrew,Ground,NA,50,75,85,20,30,40,300,Sandshrew,FALSE,Yellow
27,Sandshrew,Ice,Steel,50,75,90,10,35,40,300,Sandshrew,FALSE,White
28,Sandslash,Ground,NA,75,100,110,45,55,65,450,Sandshrew,FALSE,Yellow
28,Sandslash,Ice,Steel,75,100,120,25,65,65,450,Sandshrew,FALSE,Blue
29,Nidoran ♀,Poison,NA,55,47,52,40,40,41,275,Nidoran,FALSE,Blue
30,Nidorina,Poison,NA,70,62,67,55,55,56,365,Nidoran♀,FALSE,Blue
31,Nidoqueen,Poison,Ground,90,92,87,75,85,76,505,Nidoran♀,FALSE,Blue
32,Nidoran ♂,Poison,NA,46,57,40,40,40,50,273,Nidoran,FALSE,Purple
33,Nidorino,Poison,NA,61,72,57,55,55,65,365,Nidoran♂,FALSE,Purple
34,Nidoking,Poison,Ground,81,102,77,85,75,85,505,Nidoran♂,FALSE,Purple
35,Clefairy,Fairy,NA,70,45,48,60,65,35,323,Cleffa,FALSE,Pink
36,Clefable,Fairy,NA,95,70,73,95,90,60,483,Cleffa,FALSE,Pink
37,Vulpix,Fire,NA,38,41,40,50,65,65,299,Vulpix,FALSE,Brown
37,Vulpix,Ice,NA,38,41,40,50,65,65,299,Vulpix,FALSE,White
38,Ninetales,Fire,NA,73,76,75,81,100,100,505,Vulpix,FALSE,Yellow
38,Ninetales,Ice,Fairy,73,67,75,81,100,109,505,Vulpix,FALSE,Blue
39,Jigglypuff,Normal,Fairy,115,45,20,45,25,20,270,Igglybuff,FALSE,Pink
40,Wigglytuff,Normal,Fairy,140,70,45,85,50,45,435,Igglybuff,FALSE,Pink
41,Zubat,Poison,Flying,40,45,35,30,40,55,245,Zubat,FALSE,Purple
42,Golbat,Poison,Flying,75,80,70,65,75,90,455,Zubat,FALSE,Purple
43,Oddish,Grass,Poison,45,50,55,75,65,30,320,Oddish,FALSE,Blue
44,Gloom,Grass,Poison,60,65,70,85,75,40,395,Oddish,FALSE,Blue
45,Vileplume,Grass,Poison,75,80,85,110,90,50,490,Oddish,FALSE,Red
46,Paras,Bug,Grass,35,70,55,45,55,25,285,Paras,FALSE,Red
47,Parasect,Bug,Grass,60,95,80,60,80,30,405,Paras,FALSE,Red
48,Venonat,Bug,Poison,60,55,50,40,55,45,305,Venonat,FALSE,Purple
49,Venomoth,Bug,Poison,70,65,60,90,75,90,450,Venonat,FALSE,Purple
50,Diglett,Ground,NA,10,55,25,35,45,95,265,Diglett,FALSE,Brown
50,Diglett,Ground,Steel,10,55,30,35,45,90,265,Diglett,FALSE,Brown
51,Dugtrio,Ground,NA,35,100,50,50,70,120,425,Diglett,FALSE,Brown
51,Dugtrio,Ground,Steel,35,100,60,50,70,110,425,Diglett,FALSE,Brown
52,Meowth,Normal,NA,40,45,35,40,40,90,290,Meowth,FALSE,Yellow
52,Meowth,Dark,NA,40,35,35,50,40,90,290,Meowth,FALSE,Blue
52,Meowth,Steel,NA,50,65,55,40,40,40,290,Meowth,FALSE,Brown
53,Persian,Normal,NA,65,70,60,65,65,115,440,Meowth,FALSE,Yellow
53,Persian,Dark,NA,65,60,60,75,65,115,440,Meowth,FALSE,Blue
54,Psyduck,Water,NA,50,52,48,65,50,55,320,Psyduck,FALSE,Yellow
55,Golduck,Water,NA,80,82,78,95,80,85,500,Psyduck,FALSE,Blue
56,Mankey,Fighting,NA,40,80,35,35,45,70,305,Mankey,FALSE,Brown
57,Primeape,Fighting,NA,65,105,60,60,70,95,455,Mankey,FALSE,Brown
58,Growlithe,Fire,NA,55,70,45,70,50,60,350,Growlithe,FALSE,Brown
59,Arcanine,Fire,NA,90,110,80,100,80,95,555,Growlithe,FALSE,Brown
60,Poliwag,Water,NA,40,50,40,40,40,90,300,Poliwag,FALSE,Blue
61,Poliwhirl,Water,NA,65,65,65,50,50,90,385,Poliwag,FALSE,Blue
62,Poliwrath,Water,Fighting,90,95,95,70,90,70,510,Poliwag,FALSE,Blue
63,Abra,Psychic,NA,25,20,15,105,55,90,310,Abra,FALSE,Brown
64,Kadabra,Psychic,NA,40,35,30,120,70,105,400,Abra,FALSE,Brown
65,Alakazam,Psychic,NA,55,50,45,135,95,120,500,Abra,FALSE,Brown
65,Mega Alakazam,Psychic,NA,55,50,65,175,95,150,590,Abra,FALSE,Brown
66,Machop,Fighting,NA,70,80,50,35,35,35,305,Machop,FALSE,Grey
67,Machoke,Fighting,NA,80,100,70,50,60,45,405,Machop,FALSE,Grey
68,Machamp,Fighting,NA,90,130,80,65,85,55,505,Machop,FALSE,Grey
69,Bellsprout,Grass,Poison,50,75,35,70,30,40,300,Bellsprout,FALSE,Green
70,Weepinbell,Grass,Poison,65,90,50,85,45,55,390,Bellsprout,FALSE,Green
71,Victreebel,Grass,Poison,80,105,65,100,70,70,490,Bellsprout,FALSE,Green
72,Tentacool,Water,Poison,40,40,35,50,100,70,335,Tentacool,FALSE,Blue
73,Tentacruel,Water,Poison,80,70,65,80,120,100,515,Tentacool,FALSE,Blue
74,Geodude,Rock,Ground,40,80,100,30,30,20,300,Geodude,FALSE,Brown
74,Geodude,Rock,Electric,40,80,100,30,30,20,300,Geodude,FALSE,Grey
75,Graveler,Rock,Ground,55,95,115,45,45,35,390,Geodude,FALSE,Brown
75,Graveler,Rock,Electric,55,95,115,45,45,35,390,Geodude,FALSE,Grey
76,Golem,Rock,Ground,80,120,130,55,65,45,495,Geodude,FALSE,Brown
76,Golem,Rock,Electric,80,120,130,55,65,45,495,Geodude,FALSE,Grey
77,Ponyta,Fire,NA,50,85,55,65,65,90,410,Ponyta,FALSE,Yellow
77,Ponyta,Psychic,NA,50,85,55,65,65,90,410,Ponyta,FALSE,White
78,Rapidash,Fire,NA,65,100,70,80,80,105,500,Ponyta,FALSE,Yellow
78,Rapidash,Psychic,Fairy,65,100,70,80,80,105,500,Ponyta,FALSE,White
79,Slowpoke,Water,Psychic,90,65,65,40,40,15,315,Slowpoke,FALSE,Pink
79,Slowpoke,Psychic,NA,90,65,65,40,40,15,315,Slowpoke,FALSE,Pink
80,Slowbro,Water,Psychic,95,75,110,100,80,30,490,Slowpoke,FALSE,Pink
80,Slowbro,Poison,Psychic,95,100,95,100,70,30,490,Slowpoke,FALSE,Pink
80,Mega Slowbro,Water,Psychic,95,75,180,130,80,30,590,Slowpoke,FALSE,Pink
81,Magnemite,Electric,Steel,25,35,70,95,55,45,325,Magnemite,FALSE,Grey
82,Magneton,Electric,Steel,50,60,95,120,70,70,465,Magnemite,FALSE,Grey
83,Farfetch'd,Normal,Flying,52,90,55,58,62,60,377,Farfetch'd,FALSE,Brown
83,Farfetch'd,Fighting,NA,52,95,55,58,62,55,377,Farfetch'd,FALSE,Brown
84,Doduo,Normal,Flying,35,85,45,35,35,75,310,Doduo,FALSE,Brown
85,Dodrio,Normal,Flying,60,110,70,60,60,110,470,Doduo,FALSE,Brown
86,Seel,Water,NA,65,45,55,45,70,45,325,Seel,FALSE,White
87,Dewgong,Water,Ice,90,70,80,70,95,70,475,Seel,FALSE,White
88,Grimer,Poison,NA,80,80,50,40,50,25,325,Grimer,FALSE,Purple
88,Grimer,Poison,Dark,80,80,50,40,50,25,325,Grimer,FALSE,Green
89,Muk,Poison,NA,105,105,75,65,100,50,500,Grimer,FALSE,Purple
89,Muk,Poison,Dark,105,105,75,65,100,50,500,Grimer,FALSE,Green
90,Shellder,Water,NA,30,65,100,45,25,40,305,Shellder,FALSE,Purple
91,Cloyster,Water,Ice,50,95,180,85,45,70,525,Shellder,FALSE,Purple
92,Gastly,Ghost,Poison,30,35,30,100,35,80,310,Gastly,FALSE,Purple
93,Haunter,Ghost,Poison,45,50,45,115,55,95,405,Gastly,FALSE,Purple
94,Gengar,Ghost,Poison,60,65,60,130,75,110,500,Gastly,FALSE,Purple
94,Mega Gengar,Ghost,Poison,60,65,80,170,95,130,600,Gastly,FALSE,Purple
95,Onix,Rock,Ground,35,45,160,30,45,70,385,Onix,FALSE,Grey
96,Drowzee,Psychic,NA,60,48,45,43,90,42,328,Drowzee,FALSE,Yellow
97,Hypno,Psychic,NA,85,73,70,73,115,67,483,Drowzee,FALSE,Yellow
98,Krabby,Water,NA,30,105,90,25,25,50,325,Krabby,FALSE,Red
99,Kingler,Water,NA,55,130,115,50,50,75,475,Krabby,FALSE,Red
100,Voltorb,Electric,NA,40,30,50,55,55,100,330,Voltorb,FALSE,Red
101,Electrode,Electric,NA,60,50,70,80,80,150,490,Voltorb,FALSE,Red
102,Exeggcute,Grass,Psychic,60,40,80,60,45,40,325,Exeggcute,FALSE,Pink
103,Exeggutor,Grass,Psychic,95,95,85,125,75,55,530,Exeggcute,FALSE,Yellow
103,Exeggutor,Grass,Dragon,95,105,85,125,75,45,530,Exeggcute,FALSE,Yellow
104,Cubone,Ground,NA,50,50,95,40,50,35,320,Cubone,FALSE,Brown
105,Marowak,Ground,NA,60,80,110,50,80,45,425,Cubone,FALSE,Brown
105,Marowak,Fire,Ghost,60,80,110,50,80,45,425,Cubone,FALSE,Purple
106,Hitmonlee,Fighting,NA,50,120,53,35,110,87,455,Tyrogue,FALSE,Brown
107,Hitmonchan,Fighting,NA,50,105,79,35,110,76,455,Tyrogue,FALSE,Brown
108,Lickitung,Normal,NA,90,55,75,60,75,30,385,Lickitung,FALSE,Pink
109,Koffing,Poison,NA,40,65,95,60,45,35,340,Koffing,FALSE,Purple
110,Weezing,Poison,NA,65,90,120,85,70,60,490,Koffing,FALSE,Purple
110,Weezing,Poison,Fairy,65,90,120,85,70,60,490,Koffing,FALSE,Grey
111,Rhyhorn,Ground,Rock,80,85,95,30,30,25,345,Rhyhorn,FALSE,Grey
112,Rhydon,Ground,Rock,105,130,120,45,45,40,485,Rhyhorn,FALSE,Grey
113,Chansey,Normal,NA,250,5,5,35,105,50,450,Happiny,FALSE,Pink
114,Tangela,Grass,NA,65,55,115,100,40,60,435,Tangela,FALSE,Blue
115,Kangaskhan,Normal,NA,105,95,80,40,80,90,490,Kangaskhan,FALSE,Brown
115,Mega Kangaskhan,Normal,NA,105,125,100,60,100,100,590,Kangaskhan,FALSE,Brown
116,Horsea,Water,NA,30,40,70,70,25,60,295,Horsea,FALSE,Blue
117,Seadra,Water,NA,55,65,95,95,45,85,440,Horsea,FALSE,Blue
118,Goldeen,Water,NA,45,67,60,35,50,63,320,Goldeen,FALSE,Red
119,Seaking,Water,NA,80,92,65,65,80,68,450,Goldeen,FALSE,Red
120,Staryu,Water,NA,30,45,55,70,55,85,340,Staryu,FALSE,Brown
121,Starmie,Water,Psychic,60,75,85,100,85,115,520,Staryu,FALSE,Purple
122,Mr. Mime,Psychic,Fairy,40,45,65,100,120,90,460,Mime Jr.,FALSE,Pink
122,Mr. Mime,Psychic,Ice,50,65,65,90,90,100,460,Mime Jr.,FALSE,White
123,Scyther,Bug,Flying,70,110,80,55,80,105,500,Scyther,FALSE,Green
124,Jynx,Ice,Psychic,65,50,35,115,95,95,455,Smoochum,FALSE,Red
125,Electabuzz,Electric,NA,65,83,57,95,85,105,490,Elekid,FALSE,Yellow
126,Magmar,Fire,NA,65,95,57,100,85,93,495,Magby,FALSE,Red
127,Pinsir,Bug,NA,65,125,100,55,70,85,500,Pinsir,FALSE,Brown
127,Mega Pinsir,Bug,Flying,65,155,120,65,90,105,600,Pinsir,FALSE,Brown
128,Tauros,Normal,NA,75,100,95,40,70,110,490,Tauros,FALSE,Brown
129,Magikarp,Water,NA,20,10,55,15,20,80,200,Magikarp,FALSE,Red
130,Gyarados,Water,Flying,95,125,79,60,100,81,540,Magikarp,FALSE,Blue
130,Mega Gyarados,Water,Dark,95,155,109,70,130,81,640,Magikarp,FALSE,Blue
131,Lapras,Water,Ice,130,85,80,85,95,60,535,Lapras,FALSE,Blue
132,Ditto,Normal,NA,48,48,48,48,48,48,288,Ditto,FALSE,Purple
133,Eevee,Normal,NA,55,55,50,45,65,55,325,Eevee,FALSE,Brown
134,Vaporeon,Water,NA,130,65,60,110,95,65,525,Eevee,FALSE,Blue
135,Jolteon,Electric,NA,65,65,60,110,95,130,525,Eevee,FALSE,Yellow
136,Flareon,Fire,NA,65,130,60,95,110,65,525,Eevee,FALSE,Red
137,Porygon,Normal,NA,65,60,70,85,75,40,395,Porygon,FALSE,Pink
138,Omanyte,Rock,Water,35,40,100,90,55,35,355,Omanyte,FALSE,Blue
139,Omastar,Rock,Water,70,60,125,115,70,55,495,Omanyte,FALSE,Blue
140,Kabuto,Rock,Water,30,80,90,55,45,55,355,Kabuto,FALSE,Brown
141,Kabutops,Rock,Water,60,115,105,65,70,80,495,Kabuto,FALSE,Brown
142,Aerodactyl,Rock,Flying,80,105,65,60,75,130,515,Aerodactyl,FALSE,Purple
142,Mega Aerodactyl,Rock,Flying,80,135,85,70,95,150,615,Aerodactyl,FALSE,Purple
143,Snorlax,Normal,NA,160,110,65,65,110,30,540,Munchlax,FALSE,Black
144,Articuno,Ice,Flying,90,85,100,95,125,85,580,Articuno,TRUE,Blue
145,Zapdos,Electric,Flying,90,90,85,125,90,100,580,Zapdos,TRUE,Yellow
146,Moltres,Fire,Flying,90,100,90,125,85,90,580,Moltres,TRUE,Yellow
147,Dratini,Dragon,NA,41,64,45,50,50,50,300,Dratini,FALSE,Blue
148,Dragonair,Dragon,NA,61,84,65,70,70,70,420,Dratini,FALSE,Blue
149,Dragonite,Dragon,Flying,91,134,95,100,100,80,600,Dratini,FALSE,Brown
150,Mewtwo,Psychic,NA,106,110,90,154,90,130,680,Mewtwo,TRUE,Purple
150,Mega Mewtwo X,Psychic,Fighting,106,190,100,154,100,130,780,Mewtwo,TRUE,Purple
150,Mega Mewtwo Y,Psychic,NA,106,150,70,194,120,140,780,Mewtwo,TRUE,Purple
151,Mew,Psychic,NA,100,100,100,100,100,100,600,Mew,TRUE,Pink
152,Chikorita,Grass,NA,45,49,65,49,65,45,318,Chikorita,FALSE,Green
153,Bayleef,Grass,NA,60,62,80,63,80,60,405,Chikorita,FALSE,Green
154,Meganium,Grass,NA,80,82,100,83,100,80,525,Chikorita,FALSE,Green
155,Cyndaquil,Fire,NA,39,52,43,60,50,65,309,Cyndaquil,FALSE,Yellow
156,Quilava,Fire,NA,58,64,58,80,65,80,405,Cyndaquil,FALSE,Yellow
157,Typhlosion,Fire,NA,78,84,78,109,85,100,534,Cyndaquil,FALSE,Yellow
158,Totodile,Water,NA,50,65,64,44,48,43,314,Totodile,FALSE,Blue
159,Croconaw,Water,NA,65,80,80,59,63,58,405,Totodile,FALSE,Blue
160,Feraligatr,Water,NA,85,105,100,79,83,78,530,Totodile,FALSE,Blue
161,Sentret,Normal,NA,35,46,34,35,45,20,215,Sentret,FALSE,Brown
162,Furret,Normal,NA,85,76,64,45,55,90,415,Sentret,FALSE,Brown
163,Hoothoot,Normal,Flying,60,30,30,36,56,50,262,Hoothoot,FALSE,Brown
164,Noctowl,Normal,Flying,100,50,50,86,96,70,452,Hoothoot,FALSE,Brown
165,Ledyba,Bug,Flying,40,20,30,40,80,55,265,Ledyba,FALSE,Red
166,Ledian,Bug,Flying,55,35,50,55,110,85,390,Ledyba,FALSE,Red
167,Spinarak,Bug,Poison,40,60,40,40,40,30,250,Spinarak,FALSE,Green
168,Ariados,Bug,Poison,70,90,70,60,70,40,400,Spinarak,FALSE,Red
169,Crobat,Poison,Flying,85,90,80,70,80,130,535,Zubat,FALSE,Purple
170,Chinchou,Water,Electric,75,38,38,56,56,67,330,Chinchou,FALSE,Blue
171,Lanturn,Water,Electric,125,58,58,76,76,67,460,Chinchou,FALSE,Blue
172,Pichu,Electric,NA,20,40,15,35,35,60,205,Pichu,FALSE,Yellow
173,Cleffa,Fairy,NA,50,25,28,45,55,15,218,Cleffa,FALSE,Pink
174,Igglybuff,Normal,Fairy,90,30,15,40,20,15,210,Igglybuff,FALSE,Pink
175,Togepi,Fairy,NA,35,20,65,40,65,20,245,Togepi,FALSE,White
176,Togetic,Fairy,Flying,55,40,85,80,105,40,405,Togepi,FALSE,White
177,Natu,Psychic,Flying,40,50,45,70,45,70,320,Natu,FALSE,Green
178,Xatu,Psychic,Flying,65,75,70,95,70,95,470,Natu,FALSE,Green
179,Mareep,Electric,NA,55,40,40,65,45,35,280,Mareep,FALSE,White
180,Flaaffy,Electric,NA,70,55,55,80,60,45,365,Mareep,FALSE,Pink
181,Ampharos,Electric,NA,90,75,85,115,90,55,510,Mareep,FALSE,Yellow
181,Mega Ampharos,Electric,Dragon,90,95,105,165,110,45,610,Mareep,FALSE,Yellow
182,Bellossom,Grass,NA,75,80,95,90,100,50,490,Oddish,FALSE,Green
183,Marill,Water,Fairy,70,20,50,20,50,40,250,Azurill,FALSE,Blue
184,Azumarill,Water,Fairy,100,50,80,60,80,50,420,Azurill,FALSE,Blue
185,Sudowoodo,Rock,NA,70,100,115,30,65,30,410,Bonsly,FALSE,Brown
186,Politoed,Water,NA,90,75,75,90,100,70,500,Poliwag,FALSE,Green
187,Hoppip,Grass,Flying,35,35,40,35,55,50,250,Hoppip,FALSE,Pink
188,Skiploom,Grass,Flying,55,45,50,45,65,80,340,Hoppip,FALSE,Green
189,Jumpluff,Grass,Flying,75,55,70,55,95,110,460,Hoppip,FALSE,Blue
190,Aipom,Normal,NA,55,70,55,40,55,85,360,Aipom,FALSE,Purple
191,Sunkern,Grass,NA,30,30,30,30,30,30,180,Sunkern,FALSE,Yellow
192,Sunflora,Grass,NA,75,75,55,105,85,30,425,Sunkern,FALSE,Yellow
193,Yanma,Bug,Flying,65,65,45,75,45,95,390,Yanma,FALSE,Red
194,Wooper,Water,Ground,55,45,45,25,25,15,210,Wooper,FALSE,Blue
195,Quagsire,Water,Ground,95,85,85,65,65,35,430,Wooper,FALSE,Blue
196,Espeon,Psychic,NA,65,65,60,130,95,110,525,Eevee,FALSE,Purple
197,Umbreon,Dark,NA,95,65,110,60,130,65,525,Eevee,FALSE,Black
198,Murkrow,Dark,Flying,60,85,42,85,42,91,405,Murkrow,FALSE,Black
199,Slowking,Water,Psychic,95,75,80,100,110,30,490,Slowpoke,FALSE,Pink
200,Misdreavus,Ghost,NA,60,60,60,85,85,85,435,Misdreavus,FALSE,Grey
201,Unown,Psychic,NA,48,72,48,72,48,48,336,Unown,FALSE,Black
202,Wobbuffet,Psychic,NA,190,33,58,33,58,33,405,Wynaut,FALSE,Blue
203,Girafarig,Normal,Psychic,70,80,65,90,65,85,455,Girafarig,FALSE,Yellow
204,Pineco,Bug,NA,50,65,90,35,35,15,290,Pineco,FALSE,Grey
205,Forretress,Bug,Steel,75,90,140,60,60,40,465,Pineco,FALSE,Purple
206,Dunsparce,Normal,NA,100,70,70,65,65,45,415,Dunsparce,FALSE,Yellow
207,Gligar,Ground,Flying,65,75,105,35,65,85,430,Gligar,FALSE,Purple
208,Steelix,Steel,Ground,75,85,200,55,65,30,510,Onix,FALSE,Grey
208,Mega Steelix,Steel,Ground,75,125,230,55,95,30,610,Onix,FALSE,Grey
209,Snubbull,Fairy,NA,60,80,50,40,40,30,300,Snubbull,FALSE,Pink
210,Granbull,Fairy,NA,90,120,75,60,60,45,450,Snubbull,FALSE,Purple
211,Qwilfish,Water,Poison,65,95,85,55,55,85,440,Qwilfish,FALSE,Grey
212,Scizor,Bug,Steel,70,130,100,55,80,65,500,Scyther,FALSE,Red
212,Mega Scizor,Bug,Steel,70,150,140,65,100,75,600,Scyther,FALSE,Red
213,Shuckle,Bug,Rock,20,10,230,10,230,5,505,Shuckle,FALSE,Yellow
214,Heracross,Bug,Fighting,80,125,75,40,95,85,500,Heracross,FALSE,Blue
214,Mega Heracross,Bug,Fighting,80,185,115,40,105,75,600,Heracross,FALSE,Blue
215,Sneasel,Dark,Ice,55,95,55,35,75,115,430,Sneasel,FALSE,Black
216,Teddiursa,Normal,NA,60,80,50,50,50,40,330,Teddiursa,FALSE,Brown
217,Ursaring,Normal,NA,90,130,75,75,75,55,500,Teddiursa,FALSE,Brown
218,Slugma,Fire,NA,40,40,40,70,40,20,250,Slugma,FALSE,Red
219,Magcargo,Fire,Rock,60,50,120,90,80,30,430,Slugma,FALSE,Red
220,Swinub,Ice,Ground,50,50,40,30,30,50,250,Swinub,FALSE,Brown
221,Piloswine,Ice,Ground,100,100,80,60,60,50,450,Swinub,FALSE,Brown
222,Corsola,Water,Rock,65,55,95,65,95,35,410,Corsola,FALSE,Pink
222,Corsola,Ghost,NA,65,55,100,65,100,30,415,Corsola,FALSE,White
223,Remoraid,Water,NA,35,65,35,65,35,65,300,Remoraid,FALSE,Grey
224,Octillery,Water,NA,75,105,75,105,75,45,480,Remoraid,FALSE,Red
225,Delibird,Ice,Flying,45,55,45,65,45,75,330,Delibird,FALSE,Red
226,Mantine,Water,Flying,85,40,70,80,140,70,485,Mantyke,FALSE,Purple
227,Skarmory,Steel,Flying,65,80,140,40,70,70,465,Skarmory,FALSE,Grey
228,Houndour,Dark,Fire,45,60,30,80,50,65,330,Houndour,FALSE,Black
229,Houndoom,Dark,Fire,75,90,50,110,80,95,500,Houndour,FALSE,Black
229,Mega Houndoom,Dark,Fire,75,90,90,140,90,115,600,Houndour,FALSE,Black
230,Kingdra,Water,Dragon,75,95,95,95,95,85,540,Horsea,FALSE,Blue
231,Phanpy,Ground,NA,90,60,60,40,40,40,330,Phanpy,FALSE,Blue
232,Donphan,Ground,NA,90,120,120,60,60,50,500,Phanpy,FALSE,Grey
233,Porygon2,Normal,NA,85,80,90,105,95,60,515,Porygon,FALSE,Red
234,Stantler,Normal,NA,73,95,62,85,65,85,465,Stantler,FALSE,Brown
235,Smeargle,Normal,NA,55,20,35,20,45,75,250,Smeargle,FALSE,White
236,Tyrogue,Fighting,NA,35,35,35,35,35,35,210,Tyrogue,FALSE,Purple
237,Hitmontop,Fighting,NA,50,95,95,35,110,70,455,Tyrogue,FALSE,Brown
238,Smoochum,Ice,Psychic,45,30,15,85,65,65,305,Smoochum,FALSE,Pink
239,Elekid,Electric,NA,45,63,37,65,55,95,360,Elekid,FALSE,Yellow
240,Magby,Fire,NA,45,75,37,70,55,83,365,Magby,FALSE,Red
241,Miltank,Normal,NA,95,80,105,40,70,100,490,Miltank,FALSE,Pink
242,Blissey,Normal,NA,255,10,10,75,135,55,540,Happiny,FALSE,Pink
243,Raikou,Electric,NA,90,85,75,115,100,115,580,Raikou,TRUE,Yellow
244,Entei,Fire,NA,115,115,85,90,75,100,580,Entei,TRUE,Brown
245,Suicune,Water,NA,100,75,115,90,115,85,580,Suicune,TRUE,Blue
246,Larvitar,Rock,Ground,50,64,50,45,50,41,300,Larvitar,FALSE,Green
247,Pupitar,Rock,Ground,70,84,70,65,70,51,410,Larvitar,FALSE,Grey
248,Tyranitar,Rock,Dark,100,134,110,95,100,61,600,Larvitar,FALSE,Green
248,Mega Tyranitar,Rock,Dark,100,164,150,95,120,71,700,Larvitar,FALSE,Green
249,Lugia,Psychic,Flying,106,90,130,90,154,110,680,Lugia,TRUE,White
250,Ho-Oh,Fire,Flying,106,130,90,110,154,90,680,Ho-Oh,TRUE,Red
251,Celebi,Psychic,Grass,100,100,100,100,100,100,600,Celebi,TRUE,Green
252,Treecko,Grass,NA,40,45,35,65,55,70,310,Treecko,FALSE,Green
253,Grovyle,Grass,NA,50,65,45,85,65,95,405,Treecko,FALSE,Green
254,Sceptile,Grass,NA,70,85,65,105,85,120,530,Treecko,FALSE,Green
254,Mega Sceptile,Grass,Dragon,70,110,75,145,85,145,630,Treecko,FALSE,Green
255,Torchic,Fire,NA,45,60,40,70,50,45,310,Torchic,FALSE,Red
256,Combusken,Fire,Fighting,60,85,60,85,60,55,405,Torchic,FALSE,Red
257,Blaziken,Fire,Fighting,80,120,70,110,70,80,530,Torchic,FALSE,Red
257,Mega Blaziken,Fire,Fighting,80,160,80,130,80,100,630,Torchic,FALSE,Red
258,Mudkip,Water,NA,50,70,50,50,50,40,310,Mudkip,FALSE,Blue
259,Marshtomp,Water,Ground,70,85,70,60,70,50,405,Mudkip,FALSE,Blue
260,Swampert,Water,Ground,100,110,90,85,90,60,535,Mudkip,FALSE,Blue
260,Mega Swampert,Water,Ground,100,150,110,95,110,70,635,Mudkip,FALSE,Blue
261,Poochyena,Dark,NA,35,55,35,30,30,35,220,Poochyena,FALSE,Grey
262,Mightyena,Dark,NA,70,90,70,60,60,70,420,Poochyena,FALSE,Grey
263,Zigzagoon,Normal,NA,38,30,41,30,41,60,240,Zigzagoon,FALSE,Brown
263,Zigzagoon,Dark,Normal,38,30,41,30,41,60,240,Zigzagoon,FALSE,White
264,Linoone,Normal,NA,78,70,61,50,61,100,420,Zigzagoon,FALSE,White
264,Linoone,Dark,Normal,78,70,61,50,61,100,420,Zigzagoon,FALSE,White
265,Wurmple,Bug,NA,45,45,35,20,30,20,195,Wurmple,FALSE,Red
266,Silcoon,Bug,NA,50,35,55,25,25,15,205,Wurmple,FALSE,White
267,Beautifly,Bug,Flying,60,70,50,100,50,65,395,Wurmple,FALSE,Yellow
268,Cascoon,Bug,NA,50,35,55,25,25,15,205,Wurmple,FALSE,Purple
269,Dustox,Bug,Poison,60,50,70,50,90,65,385,Wurmple,FALSE,Green
270,Lotad,Water,Grass,40,30,30,40,50,30,220,Lotad,FALSE,Green
271,Lombre,Water,Grass,60,50,50,60,70,50,340,Lotad,FALSE,Green
272,Ludicolo,Water,Grass,80,70,70,90,100,70,480,Lotad,FALSE,Green
273,Seedot,Grass,NA,40,40,50,30,30,30,220,Seedot,FALSE,Brown
274,Nuzleaf,Grass,Dark,70,70,40,60,40,60,340,Seedot,FALSE,Brown
275,Shiftry,Grass,Dark,90,100,60,90,60,80,480,Seedot,FALSE,Brown
276,Taillow,Normal,Flying,40,55,30,30,30,85,270,Taillow,FALSE,Blue
277,Swellow,Normal,Flying,60,85,60,75,50,125,455,Taillow,FALSE,Blue
278,Wingull,Water,Flying,40,30,30,55,30,85,270,Wingull,FALSE,White
279,Pelipper,Water,Flying,60,50,100,95,70,65,440,Wingull,FALSE,Yellow
280,Ralts,Psychic,Fairy,28,25,25,45,35,40,198,Ralts,FALSE,White
281,Kirlia,Psychic,Fairy,38,35,35,65,55,50,278,Ralts,FALSE,White
282,Gardevoir,Psychic,Fairy,68,65,65,125,115,80,518,Ralts,FALSE,White
282,Mega Gardevoir,Psychic,Fairy,68,85,65,165,135,100,618,Ralts,FALSE,White
283,Surskit,Bug,Water,40,30,32,50,52,65,269,Surskit,FALSE,Blue
284,Masquerain,Bug,Flying,70,60,62,100,82,80,454,Surskit,FALSE,Blue
285,Shroomish,Grass,NA,60,40,60,40,60,35,295,Shroomish,FALSE,Brown
286,Breloom,Grass,Fighting,60,130,80,60,60,70,460,Shroomish,FALSE,Green
287,Slakoth,Normal,NA,60,60,60,35,35,30,280,Slakoth,FALSE,Brown
288,Vigoroth,Normal,NA,80,80,80,55,55,90,440,Slakoth,FALSE,White
289,Slaking,Normal,NA,150,160,100,95,65,100,670,Slakoth,FALSE,Brown
290,Nincada,Bug,Ground,31,45,90,30,30,40,266,Nincada,FALSE,Grey
291,Ninjask,Bug,Flying,61,90,45,50,50,160,456,Nincada,FALSE,Yellow
292,Shedinja,Bug,Ghost,1,90,45,30,30,40,236,Nincada,FALSE,Brown
293,Whismur,Normal,NA,64,51,23,51,23,28,240,Whismur,FALSE,Pink
294,Loudred,Normal,NA,84,71,43,71,43,48,360,Whismur,FALSE,Blue
295,Exploud,Normal,NA,104,91,63,91,73,68,490,Whismur,FALSE,Blue
296,Makuhita,Fighting,NA,72,60,30,20,30,25,237,Makuhita,FALSE,Yellow
297,Hariyama,Fighting,NA,144,120,60,40,60,50,474,Makuhita,FALSE,Brown
298,Azurill,Normal,Fairy,50,20,40,20,40,20,190,Azurill,FALSE,Blue
299,Nosepass,Rock,NA,30,45,135,45,90,30,375,Nosepass,FALSE,Grey
300,Skitty,Normal,NA,50,45,45,35,35,50,260,Skitty,FALSE,Pink
301,Delcatty,Normal,NA,70,65,65,55,55,90,400,Skitty,FALSE,Purple
302,Sableye,Dark,Ghost,50,75,75,65,65,50,380,Sableye,FALSE,Purple
302,Mega Sableye,Dark,Ghost,50,85,125,85,115,20,480,Sableye,FALSE,Purple
303,Mawile,Steel,Fairy,50,85,85,55,55,50,380,Mawile,FALSE,Black
303,Mega Mawile,Steel,Fairy,50,105,125,55,95,50,480,Mawile,FALSE,Black
304,Aron,Steel,Rock,50,70,100,40,40,30,330,Aron,FALSE,Grey
305,Lairon,Steel,Rock,60,90,140,50,50,40,430,Aron,FALSE,Grey
306,Aggron,Steel,Rock,70,110,180,60,60,50,530,Aron,FALSE,Grey
306,Mega Aggron,Steel,NA,70,140,230,60,80,50,630,Aron,FALSE,Grey
307,Meditite,Fighting,Psychic,30,40,55,40,55,60,280,Meditite,FALSE,Blue
308,Medicham,Fighting,Psychic,60,60,75,60,75,80,410,Meditite,FALSE,Red
308,Mega Medicham,Fighting,Psychic,60,100,85,80,85,100,510,Meditite,FALSE,Red
309,Electrike,Electric,NA,40,45,40,65,40,65,295,Electrike,FALSE,Green
310,Manectric,Electric,NA,70,75,60,105,60,105,475,Electrike,FALSE,Yellow
310,Mega Manectric,Electric,NA,70,75,80,135,80,135,575,Electrike,FALSE,Yellow
311,Plusle,Electric,NA,60,50,40,85,75,95,405,Plusle,FALSE,Yellow
312,Minun,Electric,NA,60,40,50,75,85,95,405,Minun,FALSE,Yellow
313,Volbeat,Bug,NA,65,73,75,47,85,85,430,Volbeat,FALSE,Grey
314,Illumise,Bug,NA,65,47,75,73,85,85,430,Illumise,FALSE,Purple
315,Roselia,Grass,Poison,50,60,45,100,80,65,400,Budew,FALSE,Green
316,Gulpin,Poison,NA,70,43,53,43,53,40,302,Gulpin,FALSE,Green
317,Swalot,Poison,NA,100,73,83,73,83,55,467,Gulpin,FALSE,Purple
318,Carvanha,Water,Dark,45,90,20,65,20,65,305,Carvanha,FALSE,Red
319,Sharpedo,Water,Dark,70,120,40,95,40,95,460,Carvanha,FALSE,Blue
319,Mega Sharpedo,Water,Dark,70,140,70,110,65,105,560,Carvanha,FALSE,Blue
320,Wailmer,Water,NA,130,70,35,70,35,60,400,Wailmer,FALSE,Blue
321,Wailord,Water,NA,170,90,45,90,45,60,500,Wailmer,FALSE,Blue
322,Numel,Fire,Ground,60,60,40,65,45,35,305,Numel,FALSE,Yellow
323,Camerupt,Fire,Ground,70,100,70,105,75,40,460,Numel,FALSE,Red
323,Mega Camerupt,Fire,Ground,70,120,100,145,105,20,560,Numel,FALSE,Red
324,Torkoal,Fire,NA,70,85,140,85,70,20,470,Torkoal,FALSE,Brown
325,Spoink,Psychic,NA,60,25,35,70,80,60,330,Spoink,FALSE,Black
326,Grumpig,Psychic,NA,80,45,65,90,110,80,470,Spoink,FALSE,Purple
327,Spinda,Normal,NA,60,60,60,60,60,60,360,Spinda,FALSE,Brown
328,Trapinch,Ground,NA,45,100,45,45,45,10,290,Trapinch,FALSE,Brown
329,Vibrava,Ground,Dragon,50,70,50,50,50,70,340,Trapinch,FALSE,Green
330,Flygon,Ground,Dragon,80,100,80,80,80,100,520,Trapinch,FALSE,Green
331,Cacnea,Grass,NA,50,85,40,85,40,35,335,Cacnea,FALSE,Green
332,Cacturne,Grass,Dark,70,115,60,115,60,55,475,Cacnea,FALSE,Green
333,Swablu,Normal,Flying,45,40,60,40,75,50,310,Swablu,FALSE,Blue
334,Altaria,Dragon,Flying,75,70,90,70,105,80,490,Swablu,FALSE,Blue
334,Mega Altaria,Dragon,Fairy,75,110,110,110,105,80,590,Swablu,FALSE,Blue
335,Zangoose,Normal,NA,73,115,60,60,60,90,458,Zangoose,FALSE,White
336,Seviper,Poison,NA,73,100,60,100,60,65,458,Seviper,FALSE,Black
337,Lunatone,Rock,Psychic,90,55,65,95,85,70,460,Lunatone,FALSE,Yellow
338,Solrock,Rock,Psychic,90,95,85,55,65,70,460,Solrock,FALSE,Red
339,Barboach,Water,Ground,50,48,43,46,41,60,288,Barboach,FALSE,Grey
340,Whiscash,Water,Ground,110,78,73,76,71,60,468,Barboach,FALSE,Blue
341,Corphish,Water,NA,43,80,65,50,35,35,308,Corphish,FALSE,Red
342,Crawdaunt,Water,Dark,63,120,85,90,55,55,468,Corphish,FALSE,Red
343,Baltoy,Ground,Psychic,40,40,55,40,70,55,300,Baltoy,FALSE,Brown
344,Claydol,Ground,Psychic,60,70,105,70,120,75,500,Baltoy,FALSE,Black
345,Lileep,Rock,Grass,66,41,77,61,87,23,355,Lileep,FALSE,Purple
346,Cradily,Rock,Grass,86,81,97,81,107,43,495,Lileep,FALSE,Green
347,Anorith,Rock,Bug,45,95,50,40,50,75,355,Anorith,FALSE,Grey
348,Armaldo,Rock,Bug,75,125,100,70,80,45,495,Anorith,FALSE,Grey
349,Feebas,Water,NA,20,15,20,10,55,80,200,Feebas,FALSE,Brown
350,Milotic,Water,NA,95,60,79,100,125,81,540,Feebas,FALSE,Pink
351,Castform,Normal,NA,70,70,70,70,70,70,420,Castform,FALSE,Grey
351,Castform,Fire,NA,70,70,70,70,70,70,420,Castform,FALSE,Red
351,Castform,Water,NA,70,70,70,70,70,70,420,Castform,FALSE,Blue
351,Castform,Ice,NA,70,70,70,70,70,70,420,Castform,FALSE,White
352,Kecleon,Normal,NA,60,90,70,60,120,40,440,Kecleon,FALSE,Green
353,Shuppet,Ghost,NA,44,75,35,63,33,45,295,Shuppet,FALSE,Black
354,Banette,Ghost,NA,64,115,65,83,63,65,455,Shuppet,FALSE,Black
354,Mega Banette,Ghost,NA,64,165,75,93,83,75,555,Shuppet,FALSE,Black
355,Duskull,Ghost,NA,20,40,90,30,90,25,295,Duskull,FALSE,Black
356,Dusclops,Ghost,NA,40,70,130,60,130,25,455,Duskull,FALSE,Black
357,Tropius,Grass,Flying,99,68,83,72,87,51,460,Tropius,FALSE,Green
358,Chimecho,Psychic,NA,75,50,80,95,90,65,455,Chingling,FALSE,Blue
359,Absol,Dark,NA,65,130,60,75,60,75,465,Absol,FALSE,White
359,Mega Absol,Dark,NA,65,150,60,115,60,115,565,Absol,FALSE,White
360,Wynaut,Psychic,NA,95,23,48,23,48,23,260,Wynaut,FALSE,Blue
361,Snorunt,Ice,NA,50,50,50,50,50,50,300,Snorunt,FALSE,Grey
362,Glalie,Ice,NA,80,80,80,80,80,80,480,Snorunt,FALSE,Grey
362,Mega Glalie,Ice,NA,80,120,80,120,80,100,580,Snorunt,FALSE,Grey
363,Spheal,Ice,Water,70,40,50,55,50,25,290,Spheal,FALSE,Blue
364,Sealeo,Ice,Water,90,60,70,75,70,45,410,Spheal,FALSE,Blue
365,Walrein,Ice,Water,110,80,90,95,90,65,530,Spheal,FALSE,Blue
366,Clamperl,Water,NA,35,64,85,74,55,32,345,Clamperl,FALSE,Blue
367,Huntail,Water,NA,55,104,105,94,75,52,485,Clamperl,FALSE,Blue
368,Gorebyss,Water,NA,55,84,105,114,75,52,485,Clamperl,FALSE,Pink
369,Relicanth,Water,Rock,100,90,130,45,65,55,485,Relicanth,FALSE,Grey
370,Luvdisc,Water,NA,43,30,55,40,65,97,330,Luvdisc,FALSE,Pink
371,Bagon,Dragon,NA,45,75,60,40,30,50,300,Bagon,FALSE,Blue
372,Shelgon,Dragon,NA,65,95,100,60,50,50,420,Bagon,FALSE,White
373,Salamence,Dragon,Flying,95,135,80,110,80,100,600,Bagon,FALSE,Blue
373,Mega Salamence,Dragon,Flying,95,145,130,120,90,120,700,Bagon,FALSE,Blue
374,Beldum,Steel,Psychic,40,55,80,35,60,30,300,Beldum,FALSE,Blue
375,Metang,Steel,Psychic,60,75,100,55,80,50,420,Beldum,FALSE,Blue
376,Metagross,Steel,Psychic,80,135,130,95,90,70,600,Beldum,FALSE,Blue
376,Mega Metagross,Steel,Psychic,80,145,150,105,110,110,700,Beldum,FALSE,Blue
377,Regirock,Rock,NA,80,100,200,50,100,50,580,Regirock,TRUE,Brown
378,Regice,Ice,NA,80,50,100,100,200,50,580,Regice,TRUE,Blue
379,Registeel,Steel,NA,80,75,150,75,150,50,580,Registeel,TRUE,Grey
380,Latias,Dragon,Psychic,80,80,90,110,130,110,600,Latias,TRUE,Red
380,Mega Latias,Dragon,Psychic,80,100,120,140,150,110,700,Latias,TRUE,Purple
381,Latios,Dragon,Psychic,80,90,80,130,110,110,600,Latios,TRUE,Blue
381,Mega Latios,Dragon,Psychic,80,130,100,160,120,110,700,Latios,TRUE,Purple
382,Kyogre,Water,NA,100,100,90,150,140,90,670,Kyogre,TRUE,Blue
382,Primal Kyogre,Water,NA,100,150,90,180,160,90,770,Kyogre,TRUE,Blue
383,Groudon,Ground,NA,100,150,140,100,90,90,670,Groudon,TRUE,Red
383,Primal Groudon,Ground,Fire,100,180,160,150,90,90,770,Groudon,TRUE,Red
384,Rayquaza,Dragon,Flying,105,150,90,150,90,95,680,Rayquaza,TRUE,Green
384,Mega Rayquaza,Dragon,Flying,105,180,100,180,100,115,780,Rayquaza,TRUE,Green
385,Jirachi,Steel,Psychic,100,100,100,100,100,100,600,Jirachi,TRUE,Yellow
386,Deoxys,Psychic,NA,50,150,50,150,50,150,600,Deoxys,TRUE,Red
386,Deoxys,Psychic,NA,50,180,20,180,20,150,600,Deoxys,TRUE,Red
386,Deoxys,Psychic,NA,50,70,160,70,160,90,600,Deoxys,TRUE,Red
386,Deoxys,Psychic,NA,50,95,90,95,90,180,600,Deoxys,TRUE,Red
387,Turtwig,Grass,NA,55,68,64,45,55,31,318,Turtwig,FALSE,Green
388,Grotle,Grass,NA,75,89,85,55,65,36,405,Turtwig,FALSE,Green
389,Torterra,Grass,Ground,95,109,105,75,85,56,525,Turtwig,FALSE,Green
390,Chimchar,Fire,NA,44,58,44,58,44,61,309,Chimchar,FALSE,Brown
391,Monferno,Fire,Fighting,64,78,52,78,52,81,405,Chimchar,FALSE,Brown
392,Infernape,Fire,Fighting,76,104,71,104,71,108,534,Chimchar,FALSE,Brown
393,Piplup,Water,NA,53,51,53,61,56,40,314,Piplup,FALSE,Blue
394,Prinplup,Water,NA,64,66,68,81,76,50,405,Piplup,FALSE,Blue
395,Empoleon,Water,Steel,84,86,88,111,101,60,530,Piplup,FALSE,Blue
396,Starly,Normal,Flying,40,55,30,30,30,60,245,Starly,FALSE,Brown
397,Staravia,Normal,Flying,55,75,50,40,40,80,340,Starly,FALSE,Brown
398,Staraptor,Normal,Flying,85,120,70,50,60,100,485,Starly,FALSE,Brown
399,Bidoof,Normal,NA,59,45,40,35,40,31,250,Bidoof,FALSE,Brown
400,Bibarel,Normal,Water,79,85,60,55,60,71,410,Bidoof,FALSE,Brown
401,Kricketot,Bug,NA,37,25,41,25,41,25,194,Kricketot,FALSE,Red
402,Kricketune,Bug,NA,77,85,51,55,51,65,384,Kricketot,FALSE,Red
403,Shinx,Electric,NA,45,65,34,40,34,45,263,Shinx,FALSE,Blue
404,Luxio,Electric,NA,60,85,49,60,49,60,363,Shinx,FALSE,Blue
405,Luxray,Electric,NA,80,120,79,95,79,70,523,Shinx,FALSE,Blue
406,Budew,Grass,Poison,40,30,35,50,70,55,280,Budew,FALSE,Green
407,Roserade,Grass,Poison,60,70,65,125,105,90,515,Budew,FALSE,Green
408,Cranidos,Rock,NA,67,125,40,30,30,58,350,Cranidos,FALSE,Blue
409,Rampardos,Rock,NA,97,165,60,65,50,58,495,Cranidos,FALSE,Blue
410,Shieldon,Rock,Steel,30,42,118,42,88,30,350,Shieldon,FALSE,Grey
411,Bastiodon,Rock,Steel,60,52,168,47,138,30,495,Shieldon,FALSE,Grey
412,Burmy,Bug,NA,40,29,45,29,45,36,224,Burmy,FALSE,Green
412,Burmy,Bug,NA,40,29,45,29,45,36,224,Burmy,FALSE,Brown
412,Burmy,Bug,NA,40,29,45,29,45,36,224,Burmy,FALSE,Red
413,Wormadam,Bug,Grass,60,59,85,79,105,36,424,Burmy,FALSE,Green
413,Wormadam,Bug,Ground,60,79,105,59,85,36,424,Burmy,FALSE,Brown
413,Wormadam,Bug,Steel,60,69,95,69,95,36,424,Burmy,FALSE,Red
414,Mothim,Bug,Flying,70,94,50,94,50,66,424,Burmy,FALSE,Yellow
415,Combee,Bug,Flying,30,30,42,30,42,70,244,Combee,FALSE,Yellow
416,Vespiquen,Bug,Flying,70,80,102,80,102,40,474,Combee,FALSE,Yellow
417,Pachirisu,Electric,NA,60,45,70,45,90,95,405,Pachirisu,FALSE,White
418,Buizel,Water,NA,55,65,35,60,30,85,330,Buizel,FALSE,Brown
419,Floatzel,Water,NA,85,105,55,85,50,115,495,Buizel,FALSE,Brown
420,Cherubi,Grass,NA,45,35,45,62,53,35,275,Cherubi,FALSE,Pink
421,Cherrim,Grass,NA,70,60,70,87,78,85,450,Cherubi,FALSE,Pink
421,Cherrim,Grass,NA,70,60,70,87,78,85,450,Cherubi,FALSE,Purple
422,Shellos,Water,NA,76,48,48,57,62,34,325,Shellos,FALSE,Purple
422,Shellos,Water,NA,76,48,48,57,62,34,325,Shellos,FALSE,Blue
423,Gastrodon,Water,Ground,111,83,68,92,82,39,475,Shellos,FALSE,Purple
423,Gastrodon,Water,Ground,111,83,68,92,82,39,475,Shellos,FALSE,Blue
424,Ambipom,Normal,NA,75,100,66,60,66,115,482,Aipom,FALSE,Purple
425,Drifloon,Ghost,Flying,90,50,34,60,44,70,348,Drifloon,FALSE,Purple
426,Drifblim,Ghost,Flying,150,80,44,90,54,80,498,Drifloon,FALSE,Purple
427,Buneary,Normal,NA,55,66,44,44,56,85,350,Buneary,FALSE,Brown
428,Lopunny,Normal,NA,65,76,84,54,96,105,480,Buneary,FALSE,Brown
428,Mega Lopunny,Normal,Fighting,65,136,94,54,96,135,580,Buneary,FALSE,Brown
429,Mismagius,Ghost,NA,60,60,60,105,105,105,495,Misdreavus,FALSE,Purple
430,Honchkrow,Dark,Flying,100,125,52,105,52,71,505,Murkrow,FALSE,Black
431,Glameow,Normal,NA,49,55,42,42,37,85,310,Glameow,FALSE,Grey
432,Purugly,Normal,NA,71,82,64,64,59,112,452,Glameow,FALSE,Grey
433,Chingling,Psychic,NA,45,30,50,65,50,45,285,Chingling,FALSE,Yellow
434,Stunky,Poison,Dark,63,63,47,41,41,74,329,Stunky,FALSE,Purple
435,Skuntank,Poison,Dark,103,93,67,71,61,84,479,Stunky,FALSE,Purple
436,Bronzor,Steel,Psychic,57,24,86,24,86,23,300,Bronzor,FALSE,Green
437,Bronzong,Steel,Psychic,67,89,116,79,116,33,500,Bronzor,FALSE,Green
438,Bonsly,Rock,NA,50,80,95,10,45,10,290,Bonsly,FALSE,Brown
439,Mime Jr.,Psychic,Fairy,20,25,45,70,90,60,310,Mime Jr.,FALSE,Pink
440,Happiny,Normal,NA,100,5,5,15,65,30,220,Happiny,FALSE,Pink
441,Chatot,Normal,Flying,76,65,45,92,42,91,411,Chatot,FALSE,Black
442,Spiritomb,Ghost,Dark,50,92,108,92,108,35,485,Spiritomb,FALSE,Purple
443,Gible,Dragon,Ground,58,70,45,40,45,42,300,Gible,FALSE,Blue
444,Gabite,Dragon,Ground,68,90,65,50,55,82,410,Gible,FALSE,Blue
445,Garchomp,Dragon,Ground,108,130,95,80,85,102,600,Gible,FALSE,Blue
445,Mega Garchomp,Dragon,Ground,108,170,115,120,95,92,700,Gible,FALSE,Blue
446,Munchlax,Normal,NA,135,85,40,40,85,5,390,Munchlax,FALSE,Black
447,Riolu,Fighting,NA,40,70,40,35,40,60,285,Riolu,FALSE,Blue
448,Lucario,Fighting,Steel,70,110,70,115,70,90,525,Riolu,FALSE,Blue
448,Mega Lucario,Fighting,Steel,70,145,88,140,70,112,625,Riolu,FALSE,Blue
449,Hippopotas,Ground,NA,68,72,78,38,42,32,330,Hippopotas,FALSE,Brown
450,Hippowdon,Ground,NA,108,112,118,68,72,47,525,Hippopotas,FALSE,Brown
451,Skorupi,Poison,Bug,40,50,90,30,55,65,330,Skorupi,FALSE,Purple
452,Drapion,Poison,Dark,70,90,110,60,75,95,500,Skorupi,FALSE,Purple
453,Croagunk,Poison,Fighting,48,61,40,61,40,50,300,Croagunk,FALSE,Blue
454,Toxicroak,Poison,Fighting,83,106,65,86,65,85,490,Croagunk,FALSE,Blue
455,Carnivine,Grass,NA,74,100,72,90,72,46,454,Carnivine,FALSE,Green
456,Finneon,Water,NA,49,49,56,49,61,66,330,Finneon,FALSE,Blue
457,Lumineon,Water,NA,69,69,76,69,86,91,460,Finneon,FALSE,Blue
458,Mantyke,Water,Flying,45,20,50,60,120,50,345,Mantyke,FALSE,Blue
459,Snover,Grass,Ice,60,62,50,62,60,40,334,Snover,FALSE,White
460,Abomasnow,Grass,Ice,90,92,75,92,85,60,494,Snover,FALSE,White
460,Mega Abomasnow,Grass,Ice,90,132,105,132,105,30,594,Snover,FALSE,White
461,Weavile,Dark,Ice,70,120,65,45,85,125,510,Sneasel,FALSE,Black
462,Magnezone,Electric,Steel,70,70,115,130,90,60,535,Magnemite,FALSE,Grey
463,Lickilicky,Normal,NA,110,85,95,80,95,50,515,Lickitung,FALSE,Pink
464,Rhyperior,Ground,Rock,115,140,130,55,55,40,535,Rhyhorn,FALSE,Grey
465,Tangrowth,Grass,NA,100,100,125,110,50,50,535,Tangela,FALSE,Blue
466,Electivire,Electric,NA,75,123,67,95,85,95,540,Elekid,FALSE,Yellow
467,Magmortar,Fire,NA,75,95,67,125,95,83,540,Magby,FALSE,Red
468,Togekiss,Fairy,Flying,85,50,95,120,115,80,545,Togepi,FALSE,White
469,Yanmega,Bug,Flying,86,76,86,116,56,95,515,Yanma,FALSE,Green
470,Leafeon,Grass,NA,65,110,130,60,65,95,525,Eevee,FALSE,Green
471,Glaceon,Ice,NA,65,60,110,130,95,65,525,Eevee,FALSE,Blue
472,Gliscor,Ground,Flying,75,95,125,45,75,95,510,Gligar,FALSE,Purple
473,Mamoswine,Ice,Ground,110,130,80,70,60,80,530,Swinub,FALSE,Brown
474,Porygon-Z,Normal,NA,85,80,70,135,75,90,535,Porygon,FALSE,Red
475,Gallade,Psychic,Fighting,68,125,65,65,115,80,518,Ralts,FALSE,White
475,Mega Gallade,Psychic,Fighting,68,165,95,65,115,110,618,Ralts,FALSE,White
476,Probopass,Rock,Steel,60,55,145,75,150,40,525,Nosepass,FALSE,Grey
477,Dusknoir,Ghost,NA,45,100,135,65,135,45,525,Duskull,FALSE,Black
478,Froslass,Ice,Ghost,70,80,70,80,70,110,480,Snorunt,FALSE,White
479,Rotom,Electric,Ghost,50,50,77,95,77,91,440,Rotom,FALSE,Red
479,Rotom,Electric,Fire,50,65,107,105,107,86,520,Rotom,FALSE,Red
479,Rotom,Electric,Water,50,65,107,105,107,86,520,Rotom,FALSE,Red
479,Rotom,Electric,Ice,50,65,107,105,107,86,520,Rotom,FALSE,Red
479,Rotom,Electric,Flying,50,65,107,105,107,86,520,Rotom,FALSE,Red
479,Rotom,Electric,Grass,50,65,107,105,107,86,520,Rotom,FALSE,Red
480,Uxie,Psychic,NA,75,75,130,75,130,95,580,Uxie,TRUE,Yellow
481,Mesprit,Psychic,NA,80,105,105,105,105,80,580,Mesprit,TRUE,Pink
482,Azelf,Psychic,NA,75,125,70,125,70,115,580,Azelf,TRUE,Blue
483,Dialga,Steel,Dragon,100,120,120,150,100,90,680,Dialga,TRUE,White
484,Palkia,Water,Dragon,90,120,100,150,120,100,680,Palkia,TRUE,Purple
485,Heatran,Fire,Steel,91,90,106,130,106,77,600,Heatran,TRUE,Brown
486,Regigigas,Normal,NA,110,160,110,80,110,100,670,Regigigas,TRUE,White
487,Giratina,Ghost,Dragon,150,100,120,100,120,90,680,Giratina,TRUE,Black
487,Giratina,Ghost,Dragon,150,120,100,120,100,90,680,Giratina,TRUE,Black
488,Cresselia,Psychic,NA,120,70,120,75,130,85,600,Cresselia,TRUE,Yellow
489,Phione,Water,NA,80,80,80,80,80,80,480,Phione,TRUE,Blue
490,Manaphy,Water,NA,100,100,100,100,100,100,600,Manaphy,TRUE,Blue
491,Darkrai,Dark,NA,70,90,90,135,90,125,600,Darkrai,TRUE,Black
492,Shaymin,Grass,NA,100,100,100,100,100,100,600,Shaymin,TRUE,Green
492,Shaymin,Grass,Flying,100,103,75,120,75,127,600,Shaymin,TRUE,Green
493,Arceus,Normal,NA,120,120,120,120,120,120,720,Arceus,TRUE,White
494,Victini,Psychic,Fire,100,100,100,100,100,100,600,Victini,TRUE,Yellow
495,Snivy,Grass,NA,45,45,55,45,55,63,308,Snivy,FALSE,Green
496,Servine,Grass,NA,60,60,75,60,75,83,413,Snivy,FALSE,Green
497,Serperior,Grass,NA,75,75,95,75,95,113,528,Snivy,FALSE,Green
498,Tepig,Fire,NA,65,63,45,45,45,45,308,Tepig,FALSE,Red
499,Pignite,Fire,Fighting,90,93,55,70,55,55,418,Tepig,FALSE,Red
500,Emboar,Fire,Fighting,110,123,65,100,65,65,528,Tepig,FALSE,Red
501,Oshawott,Water,NA,55,55,45,63,45,45,308,Oshawott,FALSE,Blue
502,Dewott,Water,NA,75,75,60,83,60,60,413,Oshawott,FALSE,Blue
503,Samurott,Water,NA,95,100,85,108,70,70,528,Oshawott,FALSE,Blue
504,Patrat,Normal,NA,45,55,39,35,39,42,255,Patrat,FALSE,Brown
505,Watchog,Normal,NA,60,85,69,60,69,77,420,Patrat,FALSE,Brown
506,Lillipup,Normal,NA,45,60,45,25,45,55,275,Lillipup,FALSE,Brown
507,Herdier,Normal,NA,65,80,65,35,65,60,370,Lillipup,FALSE,Grey
508,Stoutland,Normal,NA,85,110,90,45,90,80,500,Lillipup,FALSE,Grey
509,Purrloin,Dark,NA,41,50,37,50,37,66,281,Purrloin,FALSE,Purple
510,Liepard,Dark,NA,64,88,50,88,50,106,446,Purrloin,FALSE,Purple
511,Pansage,Grass,NA,50,53,48,53,48,64,316,Pansage,FALSE,Green
512,Simisage,Grass,NA,75,98,63,98,63,101,498,Pansage,FALSE,Green
513,Pansear,Fire,NA,50,53,48,53,48,64,316,Pansear,FALSE,Red
514,Simisear,Fire,NA,75,98,63,98,63,101,498,Pansear,FALSE,Red
515,Panpour,Water,NA,50,53,48,53,48,64,316,Panpour,FALSE,Blue
516,Simipour,Water,NA,75,98,63,98,63,101,498,Panpour,FALSE,Blue
517,Munna,Psychic,NA,76,25,45,67,55,24,292,Munna,FALSE,Pink
518,Musharna,Psychic,NA,116,55,85,107,95,29,487,Munna,FALSE,Pink
519,Pidove,Normal,Flying,50,55,50,36,30,43,264,Pidove,FALSE,Grey
520,Tranquill,Normal,Flying,62,77,62,50,42,65,358,Pidove,FALSE,Grey
521,Unfezant,Normal,Flying,80,115,80,65,55,93,488,Pidove,FALSE,Grey
522,Blitzle,Electric,NA,45,60,32,50,32,76,295,Blitzle,FALSE,Black
523,Zebstrika,Electric,NA,75,100,63,80,63,116,497,Blitzle,FALSE,Black
524,Roggenrola,Rock,NA,55,75,85,25,25,15,280,Roggenrola,FALSE,Blue
525,Boldore,Rock,NA,70,105,105,50,40,20,390,Roggenrola,FALSE,Blue
526,Gigalith,Rock,NA,85,135,130,60,80,25,515,Roggenrola,FALSE,Blue
527,Woobat,Psychic,Flying,65,45,43,55,43,72,323,Woobat,FALSE,Blue
528,Swoobat,Psychic,Flying,67,57,55,77,55,114,425,Woobat,FALSE,Blue
529,Drilbur,Ground,NA,60,85,40,30,45,68,328,Drilbur,FALSE,Grey
530,Excadrill,Ground,Steel,110,135,60,50,65,88,508,Drilbur,FALSE,Grey
531,Audino,Normal,NA,103,60,86,60,86,50,445,Audino,FALSE,Pink
531,Mega Audino,Normal,Fairy,103,60,126,80,126,50,545,Audino,FALSE,White
532,Timburr,Fighting,NA,75,80,55,25,35,35,305,Timburr,FALSE,Grey
533,Gurdurr,Fighting,NA,85,105,85,40,50,40,405,Timburr,FALSE,Grey
534,Conkeldurr,Fighting,NA,105,140,95,55,65,45,505,Timburr,FALSE,Brown
535,Tympole,Water,NA,50,50,40,50,40,64,294,Tympole,FALSE,Blue
536,Palpitoad,Water,Ground,75,65,55,65,55,69,384,Tympole,FALSE,Blue
537,Seismitoad,Water,Ground,105,95,75,85,75,74,509,Tympole,FALSE,Blue
538,Throh,Fighting,NA,120,100,85,30,85,45,465,Throh,FALSE,Red
539,Sawk,Fighting,NA,75,125,75,30,75,85,465,Sawk,FALSE,Blue
540,Sewaddle,Bug,Grass,45,53,70,40,60,42,310,Sewaddle,FALSE,Yellow
541,Swadloon,Bug,Grass,55,63,90,50,80,42,380,Sewaddle,FALSE,Green
542,Leavanny,Bug,Grass,75,103,80,70,80,92,500,Sewaddle,FALSE,Yellow
543,Venipede,Bug,Poison,30,45,59,30,39,57,260,Venipede,FALSE,Red
544,Whirlipede,Bug,Poison,40,55,99,40,79,47,360,Venipede,FALSE,Grey
545,Scolipede,Bug,Poison,60,100,89,55,69,112,485,Venipede,FALSE,Red
546,Cottonee,Grass,Fairy,40,27,60,37,50,66,280,Cottonee,FALSE,Green
547,Whimsicott,Grass,Fairy,60,67,85,77,75,116,480,Cottonee,FALSE,Green
548,Petilil,Grass,NA,45,35,50,70,50,30,280,Petilil,FALSE,Green
549,Lilligant,Grass,NA,70,60,75,110,75,90,480,Petilil,FALSE,Green
550,Basculin,Water,NA,70,92,65,80,55,98,460,Basculin,FALSE,Green
551,Sandile,Ground,Dark,50,72,35,35,35,65,292,Sandile,FALSE,Brown
552,Krokorok,Ground,Dark,60,82,45,45,45,74,351,Sandile,FALSE,Brown
553,Krookodile,Ground,Dark,95,117,80,65,70,92,519,Sandile,FALSE,Red
554,Darumaka,Fire,NA,70,90,45,15,45,50,315,Darumaka,FALSE,Red
554,Darumaka,Ice,NA,70,90,45,15,45,50,315,Darumaka,FALSE,White
555,Darmanitan,Fire,NA,105,140,55,30,55,95,480,Darumaka,FALSE,Red
555,Darmanitan,Fire,Psychic,105,30,105,140,105,55,540,Darumaka,FALSE,White
555,Darmanitan,Ice,NA,105,140,55,30,55,95,480,Darumaka,FALSE,White
555,Darmanitan,Ice,Fire,105,160,55,30,55,135,540,Darumaka,FALSE,White
556,Maractus,Grass,NA,75,86,67,106,67,60,461,Maractus,FALSE,Green
557,Dwebble,Bug,Rock,50,65,85,35,35,55,325,Dwebble,FALSE,Red
558,Crustle,Bug,Rock,70,105,125,65,75,45,485,Dwebble,FALSE,Red
559,Scraggy,Dark,Fighting,50,75,70,35,70,48,348,Scraggy,FALSE,Yellow
560,Scrafty,Dark,Fighting,65,90,115,45,115,58,488,Scraggy,FALSE,Red
561,Sigilyph,Psychic,Flying,72,58,80,103,80,97,490,Sigilyph,FALSE,Black
562,Yamask,Ghost,NA,38,30,85,55,65,30,303,Yamask,FALSE,Black
562,Yamask,Ghost,Ground,38,55,85,30,65,30,303,Yamask,FALSE,Black
563,Cofagrigus,Ghost,NA,58,50,145,95,105,30,483,Yamask,FALSE,Yellow
564,Tirtouga,Water,Rock,54,78,103,53,45,22,355,Tirtouga,FALSE,Blue
565,Carracosta,Water,Rock,74,108,133,83,65,32,495,Tirtouga,FALSE,Blue
566,Archen,Rock,Flying,55,112,45,74,45,70,401,Archen,FALSE,Yellow
567,Archeops,Rock,Flying,75,140,65,112,65,110,567,Archen,FALSE,Yellow
568,Trubbish,Poison,NA,50,50,62,40,62,65,329,Trubbish,FALSE,Green
569,Garbodor,Poison,NA,80,95,82,60,82,75,474,Trubbish,FALSE,Green
570,Zorua,Dark,NA,40,65,40,80,40,65,330,Zorua,FALSE,Grey
571,Zoroark,Dark,NA,60,105,60,120,60,105,510,Zorua,FALSE,Grey
572,Minccino,Normal,NA,55,50,40,40,40,75,300,Minccino,FALSE,Grey
573,Cinccino,Normal,NA,75,95,60,65,60,115,470,Minccino,FALSE,Grey
574,Gothita,Psychic,NA,45,30,50,55,65,45,290,Gothita,FALSE,Purple
575,Gothorita,Psychic,NA,60,45,70,75,85,55,390,Gothita,FALSE,Purple
576,Gothitelle,Psychic,NA,70,55,95,95,110,65,490,Gothita,FALSE,Purple
577,Solosis,Psychic,NA,45,30,40,105,50,20,290,Solosis,FALSE,Green
578,Duosion,Psychic,NA,65,40,50,125,60,30,370,Solosis,FALSE,Green
579,Reuniclus,Psychic,NA,110,65,75,125,85,30,490,Solosis,FALSE,Green
580,Ducklett,Water,Flying,62,44,50,44,50,55,305,Ducklett,FALSE,Blue
581,Swanna,Water,Flying,75,87,63,87,63,98,473,Ducklett,FALSE,White
582,Vanillite,Ice,NA,36,50,50,65,60,44,305,Vanillite,FALSE,White
583,Vanillish,Ice,NA,51,65,65,80,75,59,395,Vanillite,FALSE,White
584,Vanilluxe,Ice,NA,71,95,85,110,95,79,535,Vanillite,FALSE,White
585,Deerling,Normal,Grass,60,60,50,40,50,75,335,Deerling,FALSE,Pink
585,Deerling,Normal,Grass,60,60,50,40,50,75,335,Deerling,FALSE,Green
585,Deerling,Normal,Grass,60,60,50,40,50,75,335,Deerling,FALSE,Red
585,Deerling,Normal,Grass,60,60,50,40,50,75,335,Deerling,FALSE,Brown
586,Sawsbuck,Normal,Grass,80,100,70,60,70,95,475,Deerling,FALSE,Brown
587,Emolga,Electric,Flying,55,75,60,75,60,103,428,Emolga,FALSE,White
588,Karrablast,Bug,NA,50,75,45,40,45,60,315,Karrablast,FALSE,Blue
589,Escavalier,Bug,Steel,70,135,105,60,105,20,495,Karrablast,FALSE,Grey
590,Foongus,Grass,Poison,69,55,45,55,55,15,294,Foongus,FALSE,White
591,Amoonguss,Grass,Poison,114,85,70,85,80,30,464,Foongus,FALSE,White
592,Frillish,Water,Ghost,55,40,50,65,85,40,335,Frillish,FALSE,White
593,Jellicent,Water,Ghost,100,60,70,85,105,60,480,Frillish,FALSE,White
594,Alomomola,Water,NA,165,75,80,40,45,65,470,Alomomola,FALSE,Pink
595,Joltik,Bug,Electric,50,47,50,57,50,65,319,Joltik,FALSE,Yellow
596,Galvantula,Bug,Electric,70,77,60,97,60,108,472,Joltik,FALSE,Yellow
597,Ferroseed,Grass,Steel,44,50,91,24,86,10,305,Ferroseed,FALSE,Grey
598,Ferrothorn,Grass,Steel,74,94,131,54,116,20,489,Ferroseed,FALSE,Grey
599,Klink,Steel,NA,40,55,70,45,60,30,300,Klink,FALSE,Grey
600,Klang,Steel,NA,60,80,95,70,85,50,440,Klink,FALSE,Grey
601,Klinklang,Steel,NA,60,100,115,70,85,90,520,Klink,FALSE,Grey
602,Tynamo,Electric,NA,35,55,40,45,40,60,275,Tynamo,FALSE,White
603,Eelektrik,Electric,NA,65,85,70,75,70,40,405,Tynamo,FALSE,Blue
604,Eelektross,Electric,NA,85,115,80,105,80,50,515,Tynamo,FALSE,Blue
605,Elgyem,Psychic,NA,55,55,55,85,55,30,335,Elgyem,FALSE,Blue
606,Beheeyem,Psychic,NA,75,75,75,125,95,40,485,Elgyem,FALSE,Brown
607,Litwick,Ghost,Fire,50,30,55,65,55,20,275,Litwick,FALSE,White
608,Lampent,Ghost,Fire,60,40,60,95,60,55,370,Litwick,FALSE,Black
609,Chandelure,Ghost,Fire,60,55,90,145,90,80,520,Litwick,FALSE,Black
610,Axew,Dragon,NA,46,87,60,30,40,57,320,Axew,FALSE,Green
611,Fraxure,Dragon,NA,66,117,70,40,50,67,410,Axew,FALSE,Green
612,Haxorus,Dragon,NA,76,147,90,60,70,97,540,Axew,FALSE,Yellow
613,Cubchoo,Ice,NA,55,70,40,60,40,40,305,Cubchoo,FALSE,White
614,Beartic,Ice,NA,95,130,80,70,80,50,505,Cubchoo,FALSE,White
615,Cryogonal,Ice,NA,80,50,50,95,135,105,515,Cryogonal,FALSE,Blue
616,Shelmet,Bug,NA,50,40,85,40,65,25,305,Shelmet,FALSE,Red
617,Accelgor,Bug,NA,80,70,40,100,60,145,495,Shelmet,FALSE,Red
618,Stunfisk,Electric,Ground,109,66,84,81,99,32,471,Stunfisk,FALSE,Brown
618,Stunfisk,Ground,Steel,109,81,99,66,84,32,471,Stunfisk,FALSE,Green
619,Mienfoo,Fighting,NA,45,85,50,55,50,65,350,Mienfoo,FALSE,Yellow
620,Mienshao,Fighting,NA,65,125,60,95,60,105,510,Mienfoo,FALSE,Purple
621,Druddigon,Dragon,NA,77,120,90,60,90,48,485,Druddigon,FALSE,Red
622,Golett,Ground,Ghost,59,74,50,35,50,35,303,Golett,FALSE,Green
623,Golurk,Ground,Ghost,89,124,80,55,80,55,483,Golett,FALSE,Green
624,Pawniard,Dark,Steel,45,85,70,40,40,60,340,Pawniard,FALSE,Red
625,Bisharp,Dark,Steel,65,125,100,60,70,70,490,Pawniard,FALSE,Red
626,Bouffalant,Normal,NA,95,110,95,40,95,55,490,Bouffalant,FALSE,Brown
627,Rufflet,Normal,Flying,70,83,50,37,50,60,350,Rufflet,FALSE,White
628,Braviary,Normal,Flying,100,123,75,57,75,80,510,Rufflet,FALSE,Red
629,Vullaby,Dark,Flying,70,55,75,45,65,60,370,Vullaby,FALSE,Brown
630,Mandibuzz,Dark,Flying,110,65,105,55,95,80,510,Vullaby,FALSE,Brown
631,Heatmor,Fire,NA,85,97,66,105,66,65,484,Heatmor,FALSE,Red
632,Durant,Bug,Steel,58,109,112,48,48,109,484,Durant,FALSE,Grey
633,Deino,Dark,Dragon,52,65,50,45,50,38,300,Deino,FALSE,Blue
634,Zweilous,Dark,Dragon,72,85,70,65,70,58,420,Deino,FALSE,Blue
635,Hydreigon,Dark,Dragon,92,105,90,125,90,98,600,Deino,FALSE,Blue
636,Larvesta,Bug,Fire,55,85,55,50,55,60,360,Larvesta,FALSE,White
637,Volcarona,Bug,Fire,85,60,65,135,105,100,550,Larvesta,FALSE,White
638,Cobalion,Steel,Fighting,91,90,129,90,72,108,580,Cobalion,TRUE,Blue
639,Terrakion,Rock,Fighting,91,129,90,72,90,108,580,Terrakion,TRUE,Grey
640,Virizion,Grass,Fighting,91,90,72,90,129,108,580,Virizion,TRUE,Green
641,Tornadus,Flying,NA,79,115,70,125,80,111,580,Tornadus,TRUE,Green
641,Tornadus,Flying,NA,79,100,80,110,90,121,580,Tornadus,TRUE,Green
642,Thundurus,Electric,Flying,79,115,70,125,80,111,580,Thundurus,TRUE,Blue
642,Thundurus,Electric,Flying,79,105,70,145,80,101,580,Thundurus,TRUE,Blue
643,Reshiram,Dragon,Fire,100,120,100,150,120,90,680,Reshiram,TRUE,White
644,Zekrom,Dragon,Electric,100,150,120,120,100,90,680,Zekrom,TRUE,Black
645,Landorus,Ground,Flying,89,125,90,115,80,101,600,Landorus,TRUE,Brown
645,Landorus,Ground,Flying,89,145,90,105,80,91,600,Landorus,TRUE,Brown
646,Kyurem,Dragon,Ice,125,130,90,130,90,95,660,Kyurem,TRUE,Grey
646,Kyurem,Dragon,Ice,125,120,90,170,100,95,700,Kyurem,TRUE,Grey
646,Kyurem,Dragon,Ice,125,170,100,120,90,95,700,Kyurem,TRUE,Grey
647,Keldeo,Water,Fighting,91,72,90,129,90,108,580,Keldeo,TRUE,Yellow
648,Meloetta,Normal,Psychic,100,77,77,128,128,90,600,Meloetta,TRUE,White
648,Meloetta,Normal,Fighting,100,128,90,77,77,128,600,Meloetta,TRUE,White
649,Genesect,Bug,Steel,71,120,95,120,95,99,600,Genesect,TRUE,Purple
650,Chespin,Grass,NA,56,61,65,48,45,38,313,Chespin,FALSE,Green
651,Quilladin,Grass,NA,61,78,95,56,58,57,405,Chespin,FALSE,Green
652,Chesnaught,Grass,Fighting,88,107,122,74,75,64,530,Chespin,FALSE,Green
653,Fennekin,Fire,NA,40,45,40,62,60,60,307,Fennekin,FALSE,Red
654,Braixen,Fire,NA,59,59,58,90,70,73,409,Fennekin,FALSE,Red
655,Delphox,Fire,Psychic,75,69,72,114,100,104,534,Fennekin,FALSE,Red
656,Froakie,Water,NA,41,56,40,62,44,71,314,Froakie,FALSE,Blue
657,Frogadier,Water,NA,54,63,52,83,56,97,405,Froakie,FALSE,Blue
658,Greninja,Water,Dark,72,95,67,103,71,122,530,Froakie,FALSE,Blue
658,Greninja,Water,Dark,72,145,67,153,71,132,640,Froakie,TRUE,Blue
659,Bunnelby,Normal,NA,38,36,38,32,36,57,237,Bunnelby,FALSE,Brown
660,Diggersby,Normal,Ground,85,56,77,50,77,78,423,Bunnelby,FALSE,Brown
661,Fletchling,Normal,Flying,45,50,43,40,38,62,278,Fletchling,FALSE,Red
662,Fletchinder,Fire,Flying,62,73,55,56,52,84,382,Fletchling,FALSE,Red
663,Talonflame,Fire,Flying,78,81,71,74,69,126,499,Fletchling,FALSE,Red
664,Scatterbug,Bug,NA,38,35,40,27,25,35,200,Scatterbug,FALSE,Black
665,Spewpa,Bug,NA,45,22,60,27,30,29,213,Scatterbug,FALSE,Black
666,Vivillon,Bug,Flying,80,52,50,90,50,89,411,Scatterbug,FALSE,White
667,Litleo,Fire,Normal,62,50,58,73,54,72,369,Litleo,FALSE,Brown
668,Pyroar,Fire,Normal,86,68,72,109,66,106,507,Litleo,FALSE,Brown
669,Flabebe,Fairy,NA,44,38,39,61,79,42,303,Flabebe,FALSE,White
670,Floette,Fairy,NA,54,45,47,75,98,52,371,Flabébé,FALSE,White
671,Florges,Fairy,NA,78,65,68,112,154,75,552,Flabébé,FALSE,White
672,Skiddo,Grass,NA,66,65,48,62,57,52,350,Skiddo,FALSE,Brown
673,Gogoat,Grass,NA,123,100,62,97,81,68,531,Skiddo,FALSE,Brown
674,Pancham,Fighting,NA,67,82,62,46,48,43,348,Pancham,FALSE,White
675,Pangoro,Fighting,Dark,95,124,78,69,71,58,495,Pancham,FALSE,White
676,Furfrou,Normal,NA,75,80,60,65,90,102,472,Furfrou,FALSE,White
677,Espurr,Psychic,NA,62,48,54,63,60,68,355,Espurr,FALSE,Grey
678,Meowstic M,Psychic,NA,74,48,76,83,81,104,466,Meowstic,FALSE,Blue
678,Meowstic F,Psychic,NA,74,48,76,83,81,104,466,Meowstic,FALSE,White
679,Honedge,Steel,Ghost,45,80,100,35,37,28,325,Honedge,FALSE,Brown
680,Doublade,Steel,Ghost,59,110,150,45,49,35,448,Honedge,FALSE,Brown
681,Aegislash,Steel,Ghost,60,50,150,50,150,60,520,Honedge,FALSE,Brown
681,Aegislash,Steel,Ghost,60,150,50,150,50,60,520,Honedge,FALSE,Brown
682,Spritzee,Fairy,NA,78,52,60,63,65,23,341,Spritzee,FALSE,Pink
683,Aromatisse,Fairy,NA,101,72,72,99,89,29,462,Spritzee,FALSE,Pink
684,Swirlix,Fairy,NA,62,48,66,59,57,49,341,Swirlix,FALSE,White
685,Slurpuff,Fairy,NA,82,80,86,85,75,72,480,Swirlix,FALSE,White
686,Inkay,Dark,Psychic,53,54,53,37,46,45,288,Inkay,FALSE,Blue
687,Malamar,Dark,Psychic,86,92,88,68,75,73,482,Inkay,FALSE,Blue
688,Binacle,Rock,Water,42,52,67,39,56,50,306,Binacle,FALSE,Brown
689,Barbaracle,Rock,Water,72,105,115,54,86,68,500,Binacle,FALSE,Brown
690,Skrelp,Poison,Water,50,60,60,60,60,30,320,Skrelp,FALSE,Brown
691,Dragalge,Poison,Dragon,65,75,90,97,123,44,494,Skrelp,FALSE,Brown
692,Clauncher,Water,NA,50,53,62,58,63,44,330,Clauncher,FALSE,Blue
693,Clawitzer,Water,NA,71,73,88,120,89,59,500,Clauncher,FALSE,Blue
694,Helioptile,Electric,Normal,44,38,33,61,43,70,289,Helioptile,FALSE,Yellow
695,Heliolisk,Electric,Normal,62,55,52,109,94,109,481,Helioptile,FALSE,Yellow
696,Tyrunt,Rock,Dragon,58,89,77,45,45,48,362,Tyrunt,FALSE,Brown
697,Tyrantrum,Rock,Dragon,82,121,119,69,59,71,521,Tyrunt,FALSE,Red
698,Amaura,Rock,Ice,77,59,50,67,63,46,362,Amaura,FALSE,Blue
699,Aurorus,Rock,Ice,123,77,72,99,92,58,521,Amaura,FALSE,Blue
700,Sylveon,Fairy,NA,95,65,65,110,130,60,525,Eevee,FALSE,Pink
701,Hawlucha,Fighting,Flying,78,92,75,74,63,118,500,Hawlucha,FALSE,Green
702,Dedenne,Electric,Fairy,67,58,57,81,67,101,431,Dedenne,FALSE,Yellow
703,Carbink,Rock,Fairy,50,50,150,50,150,50,500,Carbink,FALSE,Grey
704,Goomy,Dragon,NA,45,50,35,55,75,40,300,Goomy,FALSE,Purple
705,Sliggoo,Dragon,NA,68,75,53,83,113,60,452,Goomy,FALSE,Purple
706,Goodra,Dragon,NA,90,100,70,110,150,80,600,Goomy,FALSE,Purple
707,Klefki,Steel,Fairy,57,80,91,80,87,75,470,Klefki,FALSE,Grey
708,Phantump,Ghost,Grass,43,70,48,50,60,38,309,Phantump,FALSE,Brown
709,Trevenant,Ghost,Grass,85,110,76,65,82,56,474,Phantump,FALSE,Brown
710,Pumpkaboo,Ghost,Grass,49,66,70,44,55,51,335,Pumpkaboo,FALSE,Brown
710,Pumpkaboo,Ghost,Grass,44,66,70,44,55,56,335,Pumpkaboo,FALSE,Brown
710,Pumpkaboo,Ghost,Grass,54,66,70,44,55,46,335,Pumpkaboo,FALSE,Brown
710,Pumpkaboo,Ghost,Grass,59,66,70,44,55,41,335,Pumpkaboo,FALSE,Brown
711,Gourgeist,Ghost,Grass,65,90,122,58,75,84,494,Pumpkaboo,FALSE,Brown
711,Gourgeist,Ghost,Grass,55,85,122,58,75,99,494,Pumpkaboo,FALSE,Brown
711,Gourgeist,Ghost,Grass,75,95,122,58,75,69,494,Pumpkaboo,FALSE,Brown
711,Gourgeist,Ghost,Grass,85,100,122,58,75,54,494,Pumpkaboo,FALSE,Brown
712,Bergmite,Ice,NA,55,69,85,32,35,28,304,Bergmite,FALSE,Blue
713,Avalugg,Ice,NA,95,117,184,44,46,28,514,Bergmite,FALSE,Blue
714,Noibat,Flying,Dragon,40,30,35,45,40,55,245,Noibat,FALSE,Purple
715,Noivern,Flying,Dragon,85,70,80,97,80,123,535,Noibat,FALSE,Purple
716,Xerneas,Fairy,NA,126,131,95,131,98,99,680,Xerneas,TRUE,Blue
717,Yveltal,Dark,Flying,126,131,95,131,98,99,680,Yveltal,TRUE,Red
718,Zygarde,Dragon,Ground,108,100,121,81,95,95,600,Zygarde,TRUE,Green
718,Zygarde,Dragon,Ground,54,100,71,61,85,115,486,Zygarde,TRUE,Black
718,Zygarde,Dragon,Ground,216,100,121,91,95,85,708,Zygarde,TRUE,Black
719,Diancie,Rock,Fairy,50,100,150,100,150,50,600,Diancie,TRUE,Pink
719,Mega Diancie,Rock,Fairy,50,160,110,160,110,110,700,Diancie,TRUE,Pink
720,Hoopa,Psychic,Ghost,80,110,60,150,130,70,600,Hoopa,TRUE,Purple
720,Hoopa,Psychic,Dark,80,160,60,170,130,80,680,Hoopa,TRUE,Purple
721,Volcanion,Fire,Water,80,110,120,130,90,70,600,Volcanion,TRUE,Brown
722,Rowlet,Grass,Flying,68,55,55,50,50,42,320,Rowlet,FALSE,Brown
723,Dartrix,Grass,Flying,78,75,75,70,70,52,420,Rowlet,FALSE,Brown
724,Decidueye,Grass,Ghost,78,107,75,100,100,70,530,Rowlet,FALSE,Brown
725,Litten,Fire,NA,45,65,40,60,40,70,320,Litten,FALSE,Red
726,Torracat,Fire,NA,65,85,50,80,50,90,420,Litten,FALSE,Red
727,Incineroar,Fire,Dark,95,115,90,80,90,60,530,Litten,FALSE,Red
728,Popplio,Water,NA,50,54,54,66,56,40,320,Popplio,FALSE,Blue
729,Brionne,Water,NA,60,69,69,91,81,50,420,Popplio,FALSE,Blue
730,Primarina,Water,Fairy,80,74,74,126,116,60,530,Popplio,FALSE,Blue
731,Pikipek,Normal,Flying,35,75,30,30,30,65,265,Pikipek,FALSE,Black
732,Trumbeak,Normal,Flying,55,85,50,40,50,75,355,Pikipek,FALSE,Black
733,Toucannon,Normal,Flying,80,120,75,75,75,60,485,Pikipek,FALSE,Black
734,Yungoos,Normal,NA,48,70,30,30,30,45,253,Yungoos,FALSE,Brown
735,Gumshoos,Normal,NA,88,110,60,55,60,45,418,Yungoos,FALSE,Brown
736,Grubbin,Bug,NA,47,62,45,55,45,46,300,Grubbin,FALSE,Grey
737,Charjabug,Bug,Electric,57,82,95,55,75,36,400,Grubbin,FALSE,Green
738,Vikavolt,Bug,Electric,77,70,90,145,75,43,500,Grubbin,FALSE,Blue
739,Crabrawler,Fighting,NA,47,82,57,42,47,63,338,Crabrawler,FALSE,Purple
740,Crabominable,Fighting,Ice,97,132,77,62,67,43,478,Crabrawler,FALSE,White
741,Oricorio,Fire,Flying,75,70,70,98,70,93,476,Oricorio,FALSE,Red
741,Oricorio,Electric,Flying,75,70,70,98,70,93,476,Oricorio,FALSE,Yellow
741,Oricorio,Psychic,Flying,75,70,70,98,70,93,476,Oricorio,FALSE,Pink
741,Oricorio,Ghost,Flying,75,70,70,98,70,93,476,Oricorio,FALSE,Purple
742,Cutiefly,Bug,Fairy,40,45,40,55,40,84,304,Cutiefly,FALSE,Yellow
743,Ribombee,Bug,Fairy,60,55,60,95,70,124,464,Cutiefly,FALSE,Yellow
744,Rockruff,Rock,NA,45,65,40,30,40,60,280,Rockruff,FALSE,Brown
745,Lycanroc,Rock,NA,75,115,65,55,65,112,487,Rockruff,FALSE,Brown
745,Lycanroc,Rock,NA,85,115,75,55,75,82,487,Rockruff,FALSE,Red
745,Lycanroc,Rock,NA,75,117,65,55,65,110,487,Rockruff,FALSE,Brown
746,Wishiwashi,Water,NA,45,20,20,25,25,40,175,Wishiwashi,FALSE,Blue
746,Wishiwashi,Water,NA,45,140,130,140,135,30,620,Wishiwashi,FALSE,Blue
747,Mareanie,Poison,Water,50,53,62,43,52,45,305,Mareanie,FALSE,Blue
748,Toxapex,Poison,Water,50,63,152,53,142,35,495,Mareanie,FALSE,Blue
749,Mudbray,Ground,NA,70,100,70,45,55,45,385,Mudbray,FALSE,Brown
750,Mudsdale,Ground,NA,100,125,100,55,85,35,500,Mudbray,FALSE,Brown
751,Dewpider,Water,Bug,38,40,52,40,72,27,269,Dewpider,FALSE,Green
752,Araquanid,Water,Bug,68,70,92,50,132,42,454,Dewpider,FALSE,Green
753,Fomantis,Grass,NA,40,55,35,50,35,35,250,Fomantis,FALSE,Pink
754,Lurantis,Grass,NA,70,105,90,80,90,45,480,Fomantis,FALSE,Pink
755,Morelull,Grass,Fairy,40,35,55,65,75,15,285,Morelull,FALSE,Purple
756,Shiinotic,Grass,Fairy,60,45,80,90,100,30,405,Morelull,FALSE,Purple
757,Salandit,Poison,Fire,48,44,40,71,40,77,320,Salandit,FALSE,Black
758,Salazzle,Poison,Fire,68,64,60,111,60,117,480,Salandit,FALSE,Black
759,Stufful,Normal,Fighting,70,75,50,45,50,50,340,Stufful,FALSE,Pink
760,Bewear,Normal,Fighting,120,125,80,55,60,60,500,Stufful,FALSE,Pink
761,Bounsweet,Grass,NA,42,30,38,30,38,32,210,Bounsweet,FALSE,Purple
762,Steenee,Grass,NA,52,40,48,40,48,62,290,Bounsweet,FALSE,Purple
763,Tsareena,Grass,NA,72,120,98,50,98,72,510,Bounsweet,FALSE,Purple
764,Comfey,Fairy,NA,51,52,90,82,110,100,485,Comfey,FALSE,Green
765,Oranguru,Normal,Psychic,90,60,80,90,110,60,490,Oranguru,FALSE,White
766,Passimian,Fighting,NA,100,120,90,40,60,80,490,Passimian,FALSE,White
767,Wimpod,Bug,Water,25,35,40,20,30,80,230,Wimpod,FALSE,Grey
768,Golisopod,Bug,Water,75,125,140,60,90,40,530,Wimpod,FALSE,Grey
769,Sandygast,Ghost,Ground,55,55,80,70,45,15,320,Sandygast,FALSE,Brown
770,Palossand,Ghost,Ground,85,75,110,100,75,35,480,Sandygast,FALSE,Brown
771,Pyukumuku,Water,NA,55,60,130,30,130,5,410,Pyukumuku,FALSE,Black
772,Type: Null,Normal,NA,95,95,95,95,95,59,534,Type: Null,TRUE,Grey
773,Silvally,Normal,NA,95,95,95,95,95,95,570,Type: Null,TRUE,Grey
774,Minior,Rock,Flying,60,60,100,60,100,60,440,Minior,FALSE,Brown
774,Minior,Rock,Flying,60,100,60,100,60,120,500,Minior,FALSE,Brown
775,Komala,Normal,NA,65,115,65,75,95,65,480,Komala,FALSE,Blue
776,Turtonator,Fire,Dragon,60,78,135,91,85,36,485,Turtonator,FALSE,Red
777,Togedemaru,Electric,Steel,65,98,63,40,73,96,435,Togedemaru,FALSE,Grey
778,Mimikyu,Ghost,Fairy,55,90,80,50,105,96,476,Mimikyu,FALSE,Yellow
779,Bruxish,Water,Psychic,68,105,70,70,70,92,475,Bruxish,FALSE,Pink
780,Drampa,Normal,Dragon,78,60,85,135,91,36,485,Drampa,FALSE,White
781,Dhelmise,Ghost,Grass,70,131,100,86,90,40,517,Dhelmise,FALSE,Green
782,Jangmo-o,Dragon,NA,45,55,65,45,45,45,300,Jangmo-o,FALSE,Grey
783,Hakamo-o,Dragon,Fighting,55,75,90,65,70,65,420,Jangmo-o,FALSE,Grey
784,Kommo-o,Dragon,Fighting,75,110,125,100,105,85,600,Jangmo-o,FALSE,Grey
785,Tapu Koko,Electric,Fairy,70,115,85,95,75,130,570,Tapu Koko,TRUE,Yellow
786,Tapu Lele,Psychic,Fairy,70,85,75,130,115,95,570,Tapu Lele,TRUE,Pink
787,Tapu Bulu,Grass,Fairy,70,130,115,85,95,75,570,Tapu Bulu,TRUE,Red
788,Tapu Fini,Water,Fairy,70,75,115,95,130,85,570,Tapu Fini,TRUE,Purple
789,Cosmog,Psychic,NA,43,29,31,29,31,37,200,Cosmog,TRUE,Blue
790,Cosmoem,Psychic,NA,43,29,131,29,131,37,400,Cosmog,TRUE,Blue
791,Solgaleo,Psychic,Steel,137,137,107,113,89,97,680,Cosmog,TRUE,White
792,Lunala,Psychic,Ghost,137,113,89,137,107,97,680,Cosmog,TRUE,Purple
793,Nihilego,Rock,Poison,109,53,47,127,131,103,570,Nihilego,TRUE,White
794,Buzzwole,Bug,Fighting,107,139,139,53,53,79,570,Buzzwole,TRUE,Red
795,Pheromosa,Bug,Fighting,71,137,37,137,37,151,570,Pheromosa,TRUE,White
796,Xurkitree,Electric,NA,83,89,71,173,71,83,570,Xurkitree,TRUE,Black
797,Celesteela,Steel,Flying,97,101,103,107,101,61,570,Celesteela,TRUE,Green
798,Kartana,Grass,Steel,59,181,131,59,31,109,570,Kartana,TRUE,White
799,Guzzlord,Dark,Dragon,223,101,53,97,53,43,570,Guzzlord,TRUE,Black
800,Necrozma,Psychic,NA,97,107,101,127,89,79,600,Necrozma,TRUE,Black
800,Necrozma,Psychic,Steel,97,157,127,113,109,77,680,Necrozma,TRUE,Yellow
800,Necrozma,Psychic,Ghost,97,113,109,157,127,77,680,Necrozma,TRUE,Blue
800,Necrozma,Psychic,Dragon,97,167,97,167,97,129,754,Necrozma,TRUE,Yellow
801,Magearna,Steel,Fairy,80,95,115,130,115,65,600,Magearna,TRUE,Grey
802,Marshadow,Fighting,Ghost,90,125,80,90,90,125,600,Marshadow,TRUE,Grey
803,Poipole,Poison,NA,67,73,67,73,67,73,420,Poipole,TRUE,Purple
804,Naganadel,Poison,Dragon,73,73,73,127,73,121,540,Poipole,TRUE,Purple
805,Stakataka,Rock,Steel,61,131,211,53,101,13,570,Stakataka,TRUE,Grey
806,Blacephalon,Fire,Ghost,53,127,53,151,79,107,570,Blacephalon,TRUE,White
807,Zeraora,Electric,NA,88,112,75,102,80,143,600,Zeraora,TRUE,Yellow
808,Meltan,Steel,NA,46,65,65,55,35,34,300,Meltan,TRUE,Grey
809,Melmetal,Steel,NA,135,143,143,80,65,34,600,Meltan,TRUE,Grey
810,Grookey,Grass,NA,50,65,50,40,40,65,310,Grookey,FALSE,Green
811,Thwackey,Grass,NA,70,85,70,55,60,80,420,Grookey,FALSE,Green
812,Rillaboom,Grass,NA,100,125,90,60,70,85,530,Grookey,FALSE,Green
813,Scorbunny,Fire,NA,50,71,40,40,40,69,310,Scorbunny,FALSE,White
814,Raboot,Fire,NA,65,86,60,55,60,94,420,Scorbunny,FALSE,Grey
815,Cinderace,Fire,NA,80,116,75,65,75,119,530,Scorbunny,FALSE,White
816,Sobble,Water,NA,50,40,40,70,40,70,310,Sobble,FALSE,Blue
817,Drizzile,Water,NA,65,60,60,95,55,90,425,Sobble,FALSE,Blue
818,Inteleon,Water,NA,70,85,75,125,65,120,540,Sobble,FALSE,Blue
819,Skwovet,Normal,NA,70,55,40,35,35,25,260,Skwovet,FALSE,Brown
820,Greedent,Normal,NA,120,95,55,55,75,20,420,Skwovet,FALSE,Brown
821,Rookidee,Flying,NA,38,47,65,33,35,57,275,Rookidee,FALSE,Blue
822,Corvisquire,Flying,NA,68,67,55,43,55,77,365,Rookidee,FALSE,Blue
823,Corviknight,Flying,Steel,98,87,105,53,85,67,495,Rookidee,FALSE,Purple
824,Blipbug,Bug,NA,25,20,20,25,45,45,180,Blipbug,FALSE,Blue
825,Dottler,Bug,Psychic,50,35,80,50,90,30,335,Blipbug,FALSE,Yellow
826,Orbeetle,Bug,Psychic,60,45,110,80,120,90,505,Blipbug,FALSE,Red
827,Nickit,Dark,NA,40,28,28,47,52,50,245,Nickit,FALSE,Brown
828,Thievul,Dark,NA,70,58,58,87,92,90,455,Nickit,FALSE,Brown
829,Gossifleur,Grass,NA,40,40,60,40,60,10,250,Gossifleur,FALSE,Green
830,Eldegoss,Grass,NA,60,50,90,80,120,60,460,Gossifleur,FALSE,Green
831,Wooloo,Normal,NA,42,40,55,40,45,48,270,Wooloo,FALSE,White
832,Dubwool,Normal,NA,72,80,100,60,90,88,490,Wooloo,FALSE,White
833,Chewtle,Water,NA,50,64,50,38,38,44,284,Chewtle,FALSE,Green
834,Drednaw,Water,Rock,90,115,90,48,68,74,485,Chewtle,FALSE,Green
835,Yamper,Electric,NA,59,45,50,40,50,26,270,Yamper,FALSE,Yellow
836,Boltund,Electric,NA,69,90,60,90,60,121,490,Yamper,FALSE,Yellow
837,Rolycoly,Rock,NA,30,40,50,40,50,30,240,Rolycoly,FALSE,Black
838,Carkol,Rock,Fire,80,60,90,60,70,50,410,Rolycoly,FALSE,Black
839,Coalossal,Rock,Fire,110,80,120,80,90,30,510,Rolycoly,FALSE,Black
840,Applin,Grass,Dragon,40,40,80,40,40,20,260,Applin,FALSE,Green
841,Flapple,Grass,Dragon,70,110,80,95,60,70,485,Applin,FALSE,Green
842,Appletun,Grass,Dragon,110,85,80,100,80,30,485,Applin,FALSE,Green
843,Silicobra,Ground,NA,52,57,75,35,50,46,315,Silicobra,FALSE,Green
844,Sandaconda,Ground,NA,72,107,125,65,70,71,510,Silicobra,FALSE,Green
845,Cramorant,Flying,Water,70,85,55,85,95,85,475,Cramorant,FALSE,Blue
846,Arrokuda,Water,NA,41,63,40,40,30,66,280,Arrokuda,FALSE,Brown
847,Barraskewda,Water,NA,61,123,60,60,50,136,490,Arrokuda,FALSE,Brown
848,Toxel,Electric,Poison,40,38,35,54,35,40,242,Toxel,FALSE,Purple
849,Toxtricity,Electric,Poison,75,98,70,114,70,75,502,Toxel,FALSE,Purple
850,Sizzlipede,Fire,Bug,50,65,45,50,50,45,305,Sizzlipede,FALSE,Red
851,Centiskorch,Fire,Bug,100,115,65,90,90,65,525,Sizzlipede,FALSE,Red
852,Clobbopus,Fighting,NA,50,68,60,50,50,32,310,Clobbopus,FALSE,Brown
853,Grapploct,Fighting,NA,80,118,90,70,80,42,480,Clobbopus,FALSE,Blue
854,Sinistea,Ghost,NA,40,45,45,74,54,50,308,Sinistea,FALSE,Purple
855,Polteageist,Ghost,NA,60,65,65,134,114,70,508,Sinistea,FALSE,Purple
856,Hatenna,Psychic,NA,42,30,60,56,53,39,280,Hatenna,FALSE,Pink
857,Hattrem,Psychic,NA,57,40,90,86,73,49,395,Hatenna,FALSE,Pink
858,Hatterene,Psychic,Fairy,57,90,45,136,103,29,460,Hatenna,FALSE,Pink
859,Impidimp,Dark,Fairy,45,45,65,55,40,50,300,Impidimp,FALSE,Pink
860,Morgrem,Dark,Fairy,65,60,45,75,55,70,370,Impidimp,FALSE,Pink
861,Grimmsnarl,Dark,Fairy,95,120,65,95,75,60,510,Impidimp,FALSE,Purple
862,Obstagoon,Dark,Normal,93,90,101,60,81,95,520,Zigzagoon,FALSE,Grey
863,Perrserker,Steel,NA,70,110,100,50,60,50,440,Meowth,FALSE,Brown
864,Cursola,Ghost,NA,60,95,50,145,130,30,510,Corsola,FALSE,White
865,Sirfetch'd,Fighting,NA,62,135,95,68,82,65,507,Farfetch'd,FALSE,White
866,Mr. Rime,Ice,Psychic,80,85,75,110,100,70,520,Mime Jr.,FALSE,Purple
867,Runerigus,Ground,Ghost,58,95,145,50,105,30,483,Yamask,FALSE,Grey
868,Milcery,Fairy,NA,45,40,40,50,61,34,270,Milcery,FALSE,White
869,Alcremie,Fairy,NA,65,60,75,110,121,64,495,Milcery,FALSE,Pink
870,Falinks,Fighting,NA,65,100,100,70,60,75,470,Falinks,FALSE,Yellow
871,Pincurchin,Electric,NA,48,101,95,91,85,15,435,Pincurchin,FALSE,Purple
872,Snom,Ice,Bug,30,25,35,45,30,20,185,Snom,FALSE,White
873,Frosmoth,Ice,Bug,70,65,60,125,90,65,475,Snom,FALSE,White
874,Stonjourner,Rock,NA,100,125,135,20,20,70,470,Stonjourner,FALSE,Grey
875,Eiscue,Ice,NA,75,80,110,65,90,50,470,Eiscue,FALSE,Blue
875,Eiscue,Ice,NA,75,80,70,65,50,130,470,Eiscue,FALSE,Blue
876,Indeedee M,Psychic,Normal,60,65,55,105,95,95,475,Indeedee,FALSE,Purple
876,Indeedee F,Psychic,Normal,70,55,65,95,105,85,475,Indeedee,FALSE,Purple
877,Morpeko,Electric,Dark,58,95,58,70,58,97,436,Morpeko,FALSE,Yellow
878,Cufant,Steel,NA,72,80,49,40,49,40,330,Cufant,FALSE,Yellow
879,Copperajah,Steel,NA,122,130,69,80,69,30,500,Cufant,FALSE,Green
880,Dracozolt,Electric,Dragon,90,100,90,80,70,75,505,Dracozolt,FALSE,Green
881,Arctozolt,Electric,Ice,90,100,90,90,80,55,505,Arctozolt,FALSE,Blue
882,Dracovish,Water,Dragon,90,90,100,70,80,75,505,Dracovish,FALSE,Green
883,Arctovish,Water,Ice,90,90,100,80,90,55,505,Arctovish,FALSE,Blue
884,Duraludon,Steel,Dragon,70,95,115,120,50,85,535,Duraludon,FALSE,White
885,Dreepy,Dragon,Ghost,28,60,30,40,30,82,270,Dreepy,FALSE,Green
886,Drakloak,Dragon,Ghost,68,80,50,60,50,102,410,Dreepy,FALSE,Green
887,Dragapult,Dragon,Ghost,88,120,75,100,75,142,600,Dreepy,FALSE,Green
888,Zacian,Fairy,NA,92,130,115,80,115,138,670,Zacian,TRUE,Blue
888,Zacian,Fairy,Steel,92,170,115,80,115,148,720,Zacian,TRUE,Blue
889,Zamazanta,Fighting,NA,92,130,115,80,115,138,670,Zamazanta,TRUE,Red
889,Zamazanta,Fighting,Steel,92,130,145,80,145,128,720,Zamazanta,TRUE,Red
890,Eternatus,Poison,Dragon,140,85,95,145,95,130,690,Eternatus,TRUE,Purple
891,Kubfu,Fighting,NA,60,90,60,53,50,72,385,Kubfu,TRUE,Grey
892,Urshifu,Fighting,Dark,100,130,100,63,60,97,550,Kubfu,TRUE,Grey
892,Urshifu,Fighting,Water,100,130,100,63,60,97,550,Kubfu,TRUE,Grey
893,Zarude,Dark,Grass,105,120,105,70,95,105,600,Zarude,TRUE,Green
894,Regieleki,Electric,NA,80,100,50,100,50,200,580,Regieleki,TRUE,Yellow
895,Regidrago,Dragon,NA,200,100,50,100,50,80,580,Regidrago,TRUE,Green
896,Glastrier,Ice,NA,100,145,130,65,110,30,580,Glastrier,TRUE,White
897,Spectrier,Ghost,NA,100,65,60,145,80,130,580,Spectrier,TRUE,Black
898,Calyrex,Psychic,Grass,100,80,80,80,80,80,500,Calyrex,TRUE,Green
898,Calyrex,Psychic,Ice,100,165,150,85,130,50,680,Calyrex,TRUE,White
898,Calyrex,Psychic,Ghost,100,85,80,165,100,150,680,Calyrex,TRUE,Black
